Date,Time,Ticker,open,high,low,close,volume
20220705,09:30:00,AAPL,137.78,137.95,137.01,137.51,1072737
20220705,09:31:00,AAPL,137.51,137.59,137.3,137.455,271141
20220705,09:32:00,AAPL,137.4425,137.4425,136.93,137.125,424228
20220705,09:33:00,AAPL,137.14,137.53,137.09,137.41,269481
20220705,09:34:00,AAPL,137.4157,137.7108,137.23,137.28,280832
20220705,09:35:00,AAPL,137.29,137.5976,137.2321,137.51,241901
20220705,09:36:00,AAPL,137.5,137.725,137.47,137.65,222422
20220705,09:37:00,AAPL,137.65,137.72,137.3,137.35,256000
20220705,09:38:00,AAPL,137.35,137.66,137.33,137.3401,237564
20220705,09:39:00,AAPL,137.32,137.51,137.13,137.13,317638
20220705,09:40:00,AAPL,137.1301,137.51,137.05,137.4,218383
20220705,09:41:00,AAPL,137.4,137.65,137.32,137.565,175257
20220705,09:42:00,AAPL,137.57,137.81,137.45,137.75,218556
20220705,09:43:00,AAPL,137.76,137.76,137.54,137.6912,196348
20220705,09:44:00,AAPL,137.69,137.73,137.55,137.58,133329
20220705,09:45:00,AAPL,137.58,138.23,137.52,138.17,380427
20220705,09:46:00,AAPL,138.175,138.495,138.11,138.17,359523
20220705,09:47:00,AAPL,138.18,138.52,138.1242,138.4601,233976
20220705,09:48:00,AAPL,138.47,138.76,138.46,138.67,296738
20220705,09:49:00,AAPL,138.67,138.84,138.54,138.61,298606
20220705,09:50:00,AAPL,138.62,138.6682,138.14,138.3,359308
20220705,09:51:00,AAPL,138.3,138.3,138.04,138.12,236720
20220705,09:52:00,AAPL,138.14,138.24,137.9,138.01,271550
20220705,09:53:00,AAPL,138.01,138.255,137.99,138.05,258947
20220705,09:54:00,AAPL,138.04,138.21,137.9,138.11,150626
20220705,09:55:00,AAPL,138.1,138.25,138.07,138.14,219430
20220705,09:56:00,AAPL,138.1314,138.18,137.88,137.9699,201151
20220705,09:57:00,AAPL,137.96,138.24,137.9,138.16,204209
20220705,09:58:00,AAPL,138.15,138.38,138.095,138.349,261687
20220705,09:59:00,AAPL,138.34,138.48,138.21,138.22,268593
20220705,10:00:00,AAPL,138.21,138.46,137.8166,138.3793,330900
20220705,10:01:00,AAPL,138.38,138.75,138.345,138.6,348380
20220705,10:02:00,AAPL,138.59,138.62,138.26,138.4,162622
20220705,10:03:00,AAPL,138.35,138.515,138.17,138.1899,119766
20220705,10:04:00,AAPL,138.165,138.17,137.9,137.99,164241
20220705,10:05:00,AAPL,137.95,138.03,137.9,137.93,102779
20220705,10:06:00,AAPL,137.9359,138.19,137.92,138.04,173634
20220705,10:07:00,AAPL,138.02,138.22,138.01,138.1701,125372
20220705,10:08:00,AAPL,138.17,138.2,138.0,138.1501,118914
20220705,10:09:00,AAPL,138.15,138.4031,138.14,138.38,164124
20220705,10:10:00,AAPL,138.37,138.5,138.26,138.5,135145
20220705,10:11:00,AAPL,138.49,138.91,138.49,138.71,410868
20220705,10:12:00,AAPL,138.73,138.83,138.66,138.8,211802
20220705,10:13:00,AAPL,138.78,139.01,138.76,139.0,227498
20220705,10:14:00,AAPL,139.0099,139.1099,138.88,138.945,180400
20220705,10:15:00,AAPL,138.94,138.99,138.85,138.885,246611
20220705,10:16:00,AAPL,138.88,138.89,138.72,138.7299,244083
20220705,10:17:00,AAPL,138.73,138.76,138.53,138.6299,174444
20220705,10:18:00,AAPL,138.63,138.79,138.5701,138.5701,120319
20220705,10:19:00,AAPL,138.58,138.68,138.35,138.565,258475
20220705,10:20:00,AAPL,138.56,138.89,138.51,138.85,218200
20220705,10:21:00,AAPL,138.83,139.0,138.68,138.945,196940
20220705,10:22:00,AAPL,138.93,138.98,138.66,138.68,144178
20220705,10:23:00,AAPL,138.69,138.82,138.63,138.8,121453
20220705,10:24:00,AAPL,138.8,138.94899999999998,138.66,138.79,116327
20220705,10:25:00,AAPL,138.79,138.8,138.49,138.56,115239
20220705,10:26:00,AAPL,138.5699,138.69,138.51,138.5599,113062
20220705,10:27:00,AAPL,138.55,138.97,138.41,138.78,203855
20220705,10:28:00,AAPL,138.77,138.92,138.62,138.62,157610
20220705,10:29:00,AAPL,138.61,138.705,138.57,138.7,96569
20220705,10:30:00,AAPL,138.715,138.73,138.54,138.64,91777
20220705,10:31:00,AAPL,138.63,138.7101,138.38,138.55,149369
20220705,10:32:00,AAPL,138.545,138.73,138.5101,138.71,127489
20220705,10:33:00,AAPL,138.7113,138.73,138.53,138.58,135474
20220705,10:34:00,AAPL,138.5769,138.675,138.515,138.66,88443
20220705,10:35:00,AAPL,138.66,138.76,138.61,138.715,89172
20220705,10:36:00,AAPL,138.72,139.06,138.71,139.025,243327
20220705,10:37:00,AAPL,139.0146,139.345,139.0,139.34,205265
20220705,10:38:00,AAPL,139.34,139.53,139.34,139.464,210147
20220705,10:39:00,AAPL,139.48,139.5503,139.39,139.485,171954
20220705,10:40:00,AAPL,139.47,139.5,139.26,139.29,155637
20220705,10:41:00,AAPL,139.29,139.65,139.2807,139.6121,151863
20220705,10:42:00,AAPL,139.62,139.66,139.32,139.33,163011
20220705,10:43:00,AAPL,139.31,139.45,139.28,139.32,149720
20220705,10:44:00,AAPL,139.34,139.39,139.11,139.13,148379
20220705,10:45:00,AAPL,139.14,139.17,139.0007,139.1,139711
20220705,10:46:00,AAPL,139.1,139.1099,138.85,138.8699,115840
20220705,10:47:00,AAPL,138.85,138.94,138.77,138.795,95418
20220705,10:48:00,AAPL,138.79,138.93,138.77,138.86,96690
20220705,10:49:00,AAPL,138.86,138.9857,138.79,138.9544,70370
20220705,10:50:00,AAPL,138.95,138.96,138.76,138.83,116124
20220705,10:51:00,AAPL,138.83,138.83,138.62,138.72,122830
20220705,10:52:00,AAPL,138.72,138.78,138.61,138.6159,93917
20220705,10:53:00,AAPL,138.615,138.84,138.57,138.82,126893
20220705,10:54:00,AAPL,138.82,138.87,138.74,138.8,77976
20220705,10:55:00,AAPL,138.79,138.895,138.73,138.8285,77591
20220705,10:56:00,AAPL,138.83,138.93,138.74,138.8357,83771
20220705,10:57:00,AAPL,138.8291,138.97,138.77,138.945,62590
20220705,10:58:00,AAPL,138.95,138.99,138.83,138.9125,72578
20220705,10:59:00,AAPL,138.91,138.98,138.85,138.9,92363
20220705,11:00:00,AAPL,138.88,138.885,138.59,138.615,111084
20220705,11:01:00,AAPL,138.6244,138.69,138.47,138.68,165622
20220705,11:02:00,AAPL,138.675,138.69,138.58,138.6099,84845
20220705,11:03:00,AAPL,138.61,138.82,138.525,138.645,128324
20220705,11:04:00,AAPL,138.64,138.8,138.64,138.7606,61820
20220705,11:05:00,AAPL,138.75,138.78,138.43,138.465,154085
20220705,11:06:00,AAPL,138.46,138.58,138.41,138.58,118003
20220705,11:07:00,AAPL,138.59,138.69,138.57,138.62,55896
20220705,11:08:00,AAPL,138.6082,138.7246,138.39,138.46,101682
20220705,11:09:00,AAPL,138.4561,138.565,138.35,138.55,101503
20220705,11:10:00,AAPL,138.54,138.6,138.48,138.49,74489
20220705,11:11:00,AAPL,138.47,138.5,138.25,138.26,157671
20220705,11:12:00,AAPL,138.275,138.42,138.17,138.415,129440
20220705,11:13:00,AAPL,138.42,138.4601,138.3099,138.3298,67592
20220705,11:14:00,AAPL,138.33,138.48,138.31,138.435,82141
20220705,11:15:00,AAPL,138.42,138.5524,138.39,138.535,104029
20220705,11:16:00,AAPL,138.515,138.6,138.37,138.465,109419
20220705,11:17:00,AAPL,138.465,138.69,138.4244,138.61,102684
20220705,11:18:00,AAPL,138.62,138.6409,138.5,138.52,66282
20220705,11:19:00,AAPL,138.52,138.65,138.445,138.62,73327
20220705,11:20:00,AAPL,138.63,138.8,138.6,138.76,127183
20220705,11:21:00,AAPL,138.75,138.81,138.6001,138.63,82651
20220705,11:22:00,AAPL,138.61,138.6293,138.47,138.47,118898
20220705,11:23:00,AAPL,138.475,138.475,138.29,138.36,115076
20220705,11:24:00,AAPL,138.35,138.48,138.3327,138.46,59137
20220705,11:25:00,AAPL,138.46,138.475,138.35,138.37,48291
20220705,11:26:00,AAPL,138.3699,138.39,138.2201,138.26,85104
20220705,11:27:00,AAPL,138.256,138.55,138.25,138.37,93106
20220705,11:28:00,AAPL,138.38,138.51,138.28,138.46,101557
20220705,11:29:00,AAPL,138.46,138.5,138.36,138.39,44761
20220705,11:30:00,AAPL,138.3646,138.4196,138.25,138.2899,89786
20220705,11:31:00,AAPL,138.2816,138.48,138.27,138.42,47251
20220705,11:32:00,AAPL,138.42,138.6815,138.42,138.615,116739
20220705,11:33:00,AAPL,138.62,138.74,138.59,138.625,88896
20220705,11:34:00,AAPL,138.62,138.62,138.53,138.59,55524
20220705,11:35:00,AAPL,138.59,138.68,138.56,138.68,78285
20220705,11:36:00,AAPL,138.665,138.68,138.36,138.3908,101986
20220705,11:37:00,AAPL,138.39,138.54,138.38,138.51,66313
20220705,11:38:00,AAPL,138.5,138.5,138.3219,138.35,78169
20220705,11:39:00,AAPL,138.33,138.4592,138.29,138.4,63061
20220705,11:40:00,AAPL,138.41,138.61,138.4,138.57,104567
20220705,11:41:00,AAPL,138.5601,138.72,138.53,138.6538,84909
20220705,11:42:00,AAPL,138.66,138.82,138.66,138.815,133687
20220705,11:43:00,AAPL,138.82,138.98,138.82,138.88,153746
20220705,11:44:00,AAPL,138.88,139.0899,138.86,139.0702,161380
20220705,11:45:00,AAPL,139.07,139.23,139.0,139.21,131657
20220705,11:46:00,AAPL,139.21,139.32,139.1732,139.29,206978
20220705,11:47:00,AAPL,139.29,139.4742,139.26,139.4093,130234
20220705,11:48:00,AAPL,139.405,139.49,139.36,139.3913,159581
20220705,11:49:00,AAPL,139.395,139.4399,139.31,139.395,132776
20220705,11:50:00,AAPL,139.4,139.43,139.33,139.43,84799
20220705,11:51:00,AAPL,139.44,139.59,139.4,139.5058,195293
20220705,11:52:00,AAPL,139.5016,139.545,139.35,139.42,125902
20220705,11:53:00,AAPL,139.43,139.57,139.425,139.54,149451
20220705,11:54:00,AAPL,139.55,139.73,139.55,139.71,255487
20220705,11:55:00,AAPL,139.7,139.7,139.53,139.5817,201864
20220705,11:56:00,AAPL,139.59,139.6099,139.43,139.46,150242
20220705,11:57:00,AAPL,139.45,139.46,139.31,139.35,127962
20220705,11:58:00,AAPL,139.35,139.4211,139.32,139.4211,78660
20220705,11:59:00,AAPL,139.42,139.43,139.25,139.33,99911
20220705,12:00:00,AAPL,139.35,139.42,139.26,139.34,91694
20220705,12:01:00,AAPL,139.3609,139.49,139.31,139.475,99435
20220705,12:02:00,AAPL,139.48,139.5,139.2,139.23,131129
20220705,12:03:00,AAPL,139.25,139.34,139.04,139.11,139527
20220705,12:04:00,AAPL,139.12,139.22,139.05,139.12,106368
20220705,12:05:00,AAPL,139.1299,139.1999,139.01,139.05,104810
20220705,12:06:00,AAPL,139.07,139.165,139.05,139.13,76227
20220705,12:07:00,AAPL,139.12,139.18,139.07,139.13,60337
20220705,12:08:00,AAPL,139.14,139.34,139.1049,139.305,129080
20220705,12:09:00,AAPL,139.31,139.3899,139.23,139.38,99583
20220705,12:10:00,AAPL,139.39,139.53,139.29,139.51,116284
20220705,12:11:00,AAPL,139.52,139.565,139.45,139.52,87602
20220705,12:12:00,AAPL,139.51,139.5542,139.42,139.52,133302
20220705,12:13:00,AAPL,139.5226,139.57,139.31,139.31,129289
20220705,12:14:00,AAPL,139.3191,139.38,139.23,139.38,79279
20220705,12:15:00,AAPL,139.3851,139.3964,139.24,139.275,101224
20220705,12:16:00,AAPL,139.2701,139.32,139.1425,139.165,93066
20220705,12:17:00,AAPL,139.1667,139.32,139.15,139.3,69022
20220705,12:18:00,AAPL,139.305,139.42,139.28,139.37,142257
20220705,12:19:00,AAPL,139.39,139.52,139.385,139.49,104306
20220705,12:20:00,AAPL,139.48,139.56,139.41,139.42,85826
20220705,12:21:00,AAPL,139.42,139.44,139.28,139.37,108216
20220705,12:22:00,AAPL,139.375,139.49,139.375,139.4899,93632
20220705,12:23:00,AAPL,139.49,139.89,139.47,139.875,202106
20220705,12:24:00,AAPL,139.89,139.96,139.82,139.9499,142236
20220705,12:25:00,AAPL,139.95,139.96,139.89,139.9389,119403
20220705,12:26:00,AAPL,139.9307,139.96,139.86,139.8899,85697
20220705,12:27:00,AAPL,139.89,139.99,139.8801,139.9762,115639
20220705,12:28:00,AAPL,139.9734,139.99,139.8,139.83,142645
20220705,12:29:00,AAPL,139.84,139.9,139.82,139.85,57002
20220705,12:30:00,AAPL,139.86,139.97,139.84,139.93,103305
20220705,12:31:00,AAPL,139.93,139.93,139.77,139.8,101271
20220705,12:32:00,AAPL,139.79,139.95,139.79,139.79,78132
20220705,12:33:00,AAPL,139.7902,139.83,139.705,139.7399,96940
20220705,12:34:00,AAPL,139.735,139.86,139.7338,139.84,105049
20220705,12:35:00,AAPL,139.83,139.88,139.81,139.86,69235
20220705,12:36:00,AAPL,139.865,139.8799,139.82,139.8586,63579
20220705,12:37:00,AAPL,139.85,139.9,139.7408,139.8299,74413
20220705,12:38:00,AAPL,139.82,140.03,139.7904,140.01,283699
20220705,12:39:00,AAPL,140.0,140.0,139.8,139.835,130110
20220705,12:40:00,AAPL,139.83,139.895,139.76,139.825,107095
20220705,12:41:00,AAPL,139.825,139.885,139.62,139.62,118078
20220705,12:42:00,AAPL,139.6199,139.69,139.5,139.54,139619
20220705,12:43:00,AAPL,139.54,139.5738,139.355,139.4,136324
20220705,12:44:00,AAPL,139.41,139.47,139.4001,139.41,103469
20220705,12:45:00,AAPL,139.41,139.46,139.34,139.35,90964
20220705,12:46:00,AAPL,139.3423,139.39,139.12,139.1669,121817
20220705,12:47:00,AAPL,139.1699,139.26,139.11,139.225,90288
20220705,12:48:00,AAPL,139.22,139.25,139.17,139.1859,56045
20220705,12:49:00,AAPL,139.195,139.2075,139.05,139.125,75793
20220705,12:50:00,AAPL,139.125,139.15,139.05,139.08,83438
20220705,12:51:00,AAPL,139.075,139.1699,139.01,139.1413,94644
20220705,12:52:00,AAPL,139.1401,139.15,138.94,139.125,105009
20220705,12:53:00,AAPL,139.12,139.17,139.03,139.05,52284
20220705,12:54:00,AAPL,139.05,139.15,139.01,139.09,91219
20220705,12:55:00,AAPL,139.085,139.13,139.055,139.08,53238
20220705,12:56:00,AAPL,139.075,139.08,138.97,139.0519,82318
20220705,12:57:00,AAPL,139.055,139.16,138.995,139.06,83051
20220705,12:58:00,AAPL,139.055,139.07,139.01,139.03,43818
20220705,12:59:00,AAPL,139.0211,139.0901,138.95,138.965,73638
20220705,13:00:00,AAPL,138.97,139.08,138.935,139.045,73223
20220705,13:01:00,AAPL,139.0401,139.0981,138.99,139.0,69281
20220705,13:02:00,AAPL,139.0,139.07,138.87,139.03,102092
20220705,13:03:00,AAPL,139.03,139.08,138.99,139.045,78961
20220705,13:04:00,AAPL,139.05,139.22,139.015,139.1999,120746
20220705,13:05:00,AAPL,139.216,139.24,138.97,139.09,130365
20220705,13:06:00,AAPL,139.09,139.09,139.005,139.025,53942
20220705,13:07:00,AAPL,139.03799999999998,139.06,138.94,138.97,71568
20220705,13:08:00,AAPL,138.965,139.11,138.94,139.1,82180
20220705,13:09:00,AAPL,139.11,139.18,139.08,139.145,66932
20220705,13:10:00,AAPL,139.135,139.2601,139.1101,139.25,94356
20220705,13:11:00,AAPL,139.25,139.285,139.17,139.2399,104573
20220705,13:12:00,AAPL,139.2301,139.38,139.23,139.37,97274
20220705,13:13:00,AAPL,139.36,139.39,139.255,139.3101,123067
20220705,13:14:00,AAPL,139.3144,139.35,139.28,139.35,43938
20220705,13:15:00,AAPL,139.35,139.4599,139.33,139.38,93240
20220705,13:16:00,AAPL,139.4,139.43,139.3199,139.364,62835
20220705,13:17:00,AAPL,139.37,139.465,139.35,139.46,104184
20220705,13:18:00,AAPL,139.45,139.605,139.44,139.57,126053
20220705,13:19:00,AAPL,139.56,139.71,139.5516,139.67,144896
20220705,13:20:00,AAPL,139.675,139.75,139.59,139.705,101122
20220705,13:21:00,AAPL,139.7,139.74,139.6,139.725,80759
20220705,13:22:00,AAPL,139.725,139.81,139.71,139.78,108057
20220705,13:23:00,AAPL,139.785,139.84,139.77,139.81,81305
20220705,13:24:00,AAPL,139.82,139.85,139.745,139.785,99585
20220705,13:25:00,AAPL,139.785,139.9,139.7716,139.84,89865
20220705,13:26:00,AAPL,139.85,139.91,139.83,139.88,93658
20220705,13:27:00,AAPL,139.88,139.911,139.77,139.89,103635
20220705,13:28:00,AAPL,139.889,139.894,139.81,139.84,50123
20220705,13:29:00,AAPL,139.86,139.895,139.78,139.84,74353
20220705,13:30:00,AAPL,139.83,139.88,139.74,139.76,109805
20220705,13:31:00,AAPL,139.75,139.795,139.69,139.79,102332
20220705,13:32:00,AAPL,139.795,139.795,139.67,139.719,105112
20220705,13:33:00,AAPL,139.73,139.82,139.66,139.7894,101917
20220705,13:34:00,AAPL,139.785,139.88,139.77,139.87,114347
20220705,13:35:00,AAPL,139.86,139.92,139.8509,139.885,113345
20220705,13:36:00,AAPL,139.89,140.05,139.84,140.025,169877
20220705,13:37:00,AAPL,140.02,140.06,139.9497,140.015,135727
20220705,13:38:00,AAPL,140.01,140.06,139.99,140.0499,105117
20220705,13:39:00,AAPL,140.0513,140.11,140.01,140.0299,130349
20220705,13:40:00,AAPL,140.03,140.075,139.9699,140.0286,109268
20220705,13:41:00,AAPL,140.03,140.12,140.03,140.09,60709
20220705,13:42:00,AAPL,140.085,140.15,140.06,140.1482,64054
20220705,13:43:00,AAPL,140.14,140.179,139.93,139.955,162004
20220705,13:44:00,AAPL,139.95,139.965,139.85,139.8726,98292
20220705,13:45:00,AAPL,139.88,139.9283,139.78,139.81,77569
20220705,13:46:00,AAPL,139.81,139.8999,139.81,139.85,60121
20220705,13:47:00,AAPL,139.85,139.85,139.72,139.735,103720
20220705,13:48:00,AAPL,139.7334,139.7334,139.64,139.72,92335
20220705,13:49:00,AAPL,139.715,139.8299,139.71,139.81,112618
20220705,13:50:00,AAPL,139.815,139.89,139.78,139.86,66795
20220705,13:51:00,AAPL,139.86,139.95,139.83,139.94,57223
20220705,13:52:00,AAPL,139.94,139.94,139.86,139.905,54689
20220705,13:53:00,AAPL,139.92,139.9759,139.9101,139.94,77876
20220705,13:54:00,AAPL,139.95,140.02,139.93,139.975,92704
20220705,13:55:00,AAPL,139.97,140.0,139.92,139.955,50636
20220705,13:56:00,AAPL,139.96,139.98,139.85,139.885,66026
20220705,13:57:00,AAPL,139.88,140.04,139.87,140.04,78984
20220705,13:58:00,AAPL,140.02,140.04,139.9595,140.0116,70315
20220705,13:59:00,AAPL,140.0101,140.06,140.01,140.05,65074
20220705,14:00:00,AAPL,140.0504,140.055,139.935,139.961,63387
20220705,14:01:00,AAPL,139.965,140.05,139.93,140.0499,57816
20220705,14:02:00,AAPL,140.0461,140.115,140.03,140.11,104901
20220705,14:03:00,AAPL,140.11,140.2225,140.1,140.205,148509
20220705,14:04:00,AAPL,140.2009,140.36,140.2005,140.325,151763
20220705,14:05:00,AAPL,140.32,140.32,140.1607,140.21,111019
20220705,14:06:00,AAPL,140.2,140.2,140.07,140.09,78457
20220705,14:07:00,AAPL,140.09,140.155,140.03,140.1135,69018
20220705,14:08:00,AAPL,140.115,140.17,139.97,139.985,84960
20220705,14:09:00,AAPL,139.97,140.04,139.94,140.015,83252
20220705,14:10:00,AAPL,140.02,140.09,139.94,139.96,74056
20220705,14:11:00,AAPL,139.96,140.08,139.885,140.0079,104348
20220705,14:12:00,AAPL,140.01,140.09,139.99,140.0799,72416
20220705,14:13:00,AAPL,140.08,140.12,140.03,140.0418,62666
20220705,14:14:00,AAPL,140.045,140.105,140.0199,140.08,67834
20220705,14:15:00,AAPL,140.09,140.115,140.01,140.025,55756
20220705,14:16:00,AAPL,140.025,140.065,139.89,139.95,94078
20220705,14:17:00,AAPL,139.97,140.115,139.97,140.085,98671
20220705,14:18:00,AAPL,140.08,140.15,140.03,140.145,42076
20220705,14:19:00,AAPL,140.14,140.28,140.12,140.25,90289
20220705,14:20:00,AAPL,140.26,140.28,140.15,140.23,73011
20220705,14:21:00,AAPL,140.22,140.2299,140.1501,140.195,35527
20220705,14:22:00,AAPL,140.2,140.3,140.2,140.25,65235
20220705,14:23:00,AAPL,140.25,140.39,140.2,140.3622,129097
20220705,14:24:00,AAPL,140.37,140.39,140.31,140.38,78223
20220705,14:25:00,AAPL,140.38,140.49,140.32,140.46,122710
20220705,14:26:00,AAPL,140.465,140.57,140.43,140.55,135943
20220705,14:27:00,AAPL,140.555,140.62,140.5399,140.595,154452
20220705,14:28:00,AAPL,140.6,140.63,140.56,140.61,72538
20220705,14:29:00,AAPL,140.615,140.685,140.58,140.6,143500
20220705,14:30:00,AAPL,140.605,140.765,140.6,140.765,121786
20220705,14:31:00,AAPL,140.76,140.87,140.71,140.7415,210117
20220705,14:32:00,AAPL,140.74,140.79,140.665,140.785,104284
20220705,14:33:00,AAPL,140.79,140.91,140.74,140.79,161084
20220705,14:34:00,AAPL,140.79,141.0,140.73,140.98,196851
20220705,14:35:00,AAPL,140.98,141.07,140.89,141.07,319909
20220705,14:36:00,AAPL,141.07,141.17,140.93,141.16,221706
20220705,14:37:00,AAPL,141.17,141.2,141.1,141.125,122111
20220705,14:38:00,AAPL,141.1229,141.23,141.08,141.2,110897
20220705,14:39:00,AAPL,141.185,141.395,141.185,141.385,175226
20220705,14:40:00,AAPL,141.39,141.44,141.35,141.375,137643
20220705,14:41:00,AAPL,141.385,141.3999,141.31,141.365,134923
20220705,14:42:00,AAPL,141.3619,141.3659,141.18,141.2509,175011
20220705,14:43:00,AAPL,141.26,141.2899,141.175,141.23,91861
20220705,14:44:00,AAPL,141.23,141.24,141.16,141.19,117497
20220705,14:45:00,AAPL,141.205,141.218,141.11,141.1912,99571
20220705,14:46:00,AAPL,141.1941,141.3099,141.13,141.17,129354
20220705,14:47:00,AAPL,141.19,141.2,141.06,141.08,110878
20220705,14:48:00,AAPL,141.09,141.0978,140.92,140.98,153793
20220705,14:49:00,AAPL,140.985,141.055,140.9339,141.025,98061
20220705,14:50:00,AAPL,141.03,141.07,140.99,141.0,91893
20220705,14:51:00,AAPL,141.0,141.0325,140.94,141.02,106878
20220705,14:52:00,AAPL,141.0101,141.04,140.83,140.8699,101811
20220705,14:53:00,AAPL,140.87,140.8799,140.805,140.8499,117506
20220705,14:54:00,AAPL,140.85,140.94,140.85,140.909,83330
20220705,14:55:00,AAPL,140.9,140.94,140.85,140.91,74270
20220705,14:56:00,AAPL,140.91,141.06,140.89,141.015,106953
20220705,14:57:00,AAPL,141.03,141.04,140.93,141.0,81945
20220705,14:58:00,AAPL,141.0,141.03,140.95,141.0,61541
20220705,14:59:00,AAPL,141.0,141.0199,140.905,140.92,67165
20220705,15:00:00,AAPL,140.92,140.937,140.812,140.84,91108
20220705,15:01:00,AAPL,140.83,140.84,140.59,140.655,167344
20220705,15:02:00,AAPL,140.65,140.785,140.61,140.765,96732
20220705,15:03:00,AAPL,140.765,140.8131,140.7,140.8101,81147
20220705,15:04:00,AAPL,140.82,140.865,140.79,140.84799999999998,84961
20220705,15:05:00,AAPL,140.865,141.09,140.78,140.97,250851
20220705,15:06:00,AAPL,140.98,141.09,140.905,141.09,100547
20220705,15:07:00,AAPL,141.09,141.1885,141.06,141.155,167872
20220705,15:08:00,AAPL,141.155,141.27,141.0903,141.15,157347
20220705,15:09:00,AAPL,141.15,141.227,141.08,141.2259,127749
20220705,15:10:00,AAPL,141.22,141.2399,141.14,141.2,100279
20220705,15:11:00,AAPL,141.205,141.2168,140.995,141.02,139752
20220705,15:12:00,AAPL,141.025,141.06,140.87,140.95,130156
20220705,15:13:00,AAPL,140.94,140.96,140.8132,140.9192,107815
20220705,15:14:00,AAPL,140.92,140.99,140.87,140.9505,100604
20220705,15:15:00,AAPL,140.95,140.98,140.85,140.9,100241
20220705,15:16:00,AAPL,140.9,140.92,140.8,140.8,105246
20220705,15:17:00,AAPL,140.81,140.85,140.75,140.8199,108597
20220705,15:18:00,AAPL,140.84,140.85,140.615,140.615,121955
20220705,15:19:00,AAPL,140.62,140.74,140.55,140.66,148403
20220705,15:20:00,AAPL,140.67,140.895,140.6662,140.87,134110
20220705,15:21:00,AAPL,140.88,140.99,140.8799,140.95,126316
20220705,15:22:00,AAPL,140.9501,140.955,140.8601,140.93,86774
20220705,15:23:00,AAPL,140.93,141.13,140.93,140.96,213351
20220705,15:24:00,AAPL,140.97,141.09,140.95,141.08,126037
20220705,15:25:00,AAPL,141.0893,141.145,141.01,141.08,183358
20220705,15:26:00,AAPL,141.1,141.15,141.03,141.14,119734
20220705,15:27:00,AAPL,141.1466,141.1658,141.02,141.1201,97172
20220705,15:28:00,AAPL,141.1277,141.42,141.11,141.34,263054
20220705,15:29:00,AAPL,141.3499,141.3499,141.19,141.23,173398
20220705,15:30:00,AAPL,141.23,141.32,141.105,141.1651,199019
20220705,15:31:00,AAPL,141.17,141.195,141.05,141.1129,89878
20220705,15:32:00,AAPL,141.12,141.24,141.1111,141.24,85934
20220705,15:33:00,AAPL,141.2409,141.265,141.2,141.24,101287
20220705,15:34:00,AAPL,141.2447,141.37,141.23,141.37,92989
20220705,15:35:00,AAPL,141.38,141.405,141.31,141.3892,142672
20220705,15:36:00,AAPL,141.39,141.39,141.125,141.255,228390
20220705,15:37:00,AAPL,141.25,141.28,141.09,141.1999,135642
20220705,15:38:00,AAPL,141.19,141.3999,141.15,141.3999,160535
20220705,15:39:00,AAPL,141.4,141.4299,141.315,141.3741,138271
20220705,15:40:00,AAPL,141.375,141.41,141.3358,141.3803,107085
20220705,15:41:00,AAPL,141.3804,141.4299,141.33,141.3991,106163
20220705,15:42:00,AAPL,141.395,141.49,141.35,141.4401,183272
20220705,15:43:00,AAPL,141.4401,141.4782,141.38,141.46,116875
20220705,15:44:00,AAPL,141.465,141.47,141.27,141.335,162439
20220705,15:45:00,AAPL,141.33,141.39,141.24,141.28,171604
20220705,15:46:00,AAPL,141.2899,141.38,141.24,141.26,140223
20220705,15:47:00,AAPL,141.26,141.34,141.1802,141.31,169828
20220705,15:48:00,AAPL,141.305,141.425,141.25,141.3,207203
20220705,15:49:00,AAPL,141.305,141.45,141.28,141.4411,158412
20220705,15:50:00,AAPL,141.44,141.45,141.21,141.41,438484
20220705,15:51:00,AAPL,141.4,141.42,141.3,141.39,177886
20220705,15:52:00,AAPL,141.38,141.41,141.21,141.2299,187454
20220705,15:53:00,AAPL,141.225,141.31,141.15,141.275,263624
20220705,15:54:00,AAPL,141.27,141.5,141.215,141.31,437812
20220705,15:55:00,AAPL,141.31,141.41,141.18,141.275,351571
20220705,15:56:00,AAPL,141.275,141.42,141.2,141.42,327389
20220705,15:57:00,AAPL,141.43,141.47,141.38,141.4475,304855
20220705,15:58:00,AAPL,141.45,141.46,141.37,141.43,354054
20220705,15:59:00,AAPL,141.43,141.61,141.3818,141.59,791658
20220705,09:30:00,GOOG,2153.19,2155.2,2145.17,2150.59,21014
20220705,09:31:00,GOOG,2150.09,2150.09,2135.44,2137.19,5067
20220705,09:32:00,GOOG,2135.98,2135.98,2128.01,2128.01,2612
20220705,09:33:00,GOOG,2127.54,2132.25,2126.2277,2131.0,4350
20220705,09:34:00,GOOG,2131.28,2134.0,2128.14,2128.14,2952
20220705,09:35:00,GOOG,2125.0701,2134.6839999999997,2125.0701,2133.12,1890
20220705,09:36:00,GOOG,2130.9,2132.71,2128.95,2128.95,1565
20220705,09:37:00,GOOG,2127.79,2131.44,2124.9901,2129.8,1400
20220705,09:38:00,GOOG,2129.8967,2136.98,2129.8967,2135.81,2302
20220705,09:39:00,GOOG,2135.59,2136.73,2131.4701,2132.71,1660
20220705,09:40:00,GOOG,2132.76,2138.06,2132.76,2136.255,2285
20220705,09:41:00,GOOG,2135.43,2137.4,2134.86,2137.4,2155
20220705,09:42:00,GOOG,2138.6,2138.99,2132.195,2136.68,1938
20220705,09:43:00,GOOG,2136.33,2137.536,2132.95,2137.45,2668
20220705,09:44:00,GOOG,2136.43,2137.18,2132.49,2135.355,1410
20220705,09:45:00,GOOG,2133.62,2142.44,2133.62,2137.865,2360
20220705,09:46:00,GOOG,2145.15,2146.79,2141.2887,2142.17,3809
20220705,09:47:00,GOOG,2142.0,2147.0049,2142.0,2147.0049,1960
20220705,09:48:00,GOOG,2148.0,2151.4,2148.0,2149.35,1354
20220705,09:49:00,GOOG,2149.46,2150.41,2149.46,2149.6,996
20220705,09:50:00,GOOG,2148.23,2150.19,2144.45,2146.53,1720
20220705,09:51:00,GOOG,2147.64,2147.64,2145.285,2145.57,741
20220705,09:52:00,GOOG,2146.9,2148.71,2143.5,2146.08,3295
20220705,09:53:00,GOOG,2145.12,2146.19,2144.71,2146.19,960
20220705,09:54:00,GOOG,2145.89,2147.875,2145.77,2147.875,1060
20220705,09:55:00,GOOG,2146.25,2146.25,2145.42,2145.43,600
20220705,09:56:00,GOOG,2146.0251,2146.0251,2143.2301,2145.7899,1382
20220705,09:57:00,GOOG,2143.44,2147.51,2143.44,2144.63,2942
20220705,09:58:00,GOOG,2145.59,2149.04,2145.59,2146.32,3172
20220705,09:59:00,GOOG,2150.0,2152.97,2147.45,2150.0712,1575
20220705,10:00:00,GOOG,2147.5,2151.3963,2144.01,2151.3963,1598
20220705,10:01:00,GOOG,2150.21,2151.57,2150.06,2151.0,1778
20220705,10:02:00,GOOG,2149.0,2149.0,2146.875,2148.4,1160
20220705,10:03:00,GOOG,2149.9499,2150.0,2145.915,2145.915,2899
20220705,10:04:00,GOOG,2144.0,2144.0,2138.0,2138.0,4663
20220705,10:05:00,GOOG,2143.4999,2143.4999,2139.99,2142.39,1460
20220705,10:06:00,GOOG,2143.5,2146.04,2143.5,2145.49,2094
20220705,10:07:00,GOOG,2146.4301,2148.3266,2146.1601,2148.3266,1080
20220705,10:08:00,GOOG,2148.37,2148.89,2146.91,2148.35,2540
20220705,10:09:00,GOOG,2148.55,2150.0,2148.25,2150.0,1120
20220705,10:10:00,GOOG,2150.23,2151.0,2149.2868,2150.7498,1802
20220705,10:11:00,GOOG,2154.99,2156.65,2154.99,2156.42,2262
20220705,10:12:00,GOOG,2156.36,2156.36,2154.175,2155.31,2316
20220705,10:13:00,GOOG,2158.6401,2159.99,2158.6401,2159.4774,780
20220705,10:14:00,GOOG,2160.5718,2161.29,2158.2,2161.29,4060
20220705,10:15:00,GOOG,2161.53,2163.0,2158.845,2158.845,3523
20220705,10:16:00,GOOG,2158.7212,2160.055,2156.801,2159.12,1380
20220705,10:17:00,GOOG,2160.57,2162.61,2159.66,2159.66,6100
20220705,10:18:00,GOOG,2163.37,2163.99,2162.18,2163.99,960
20220705,10:19:00,GOOG,2161.61,2161.61,2158.695,2160.975,1560
20220705,10:20:00,GOOG,2159.2131,2165.48,2159.2131,2165.48,1315
20220705,10:21:00,GOOG,2164.9799,2166.0657,2162.24,2166.0657,1360
20220705,10:22:00,GOOG,2164.9,2170.21,2164.9,2168.52,1180
20220705,10:23:00,GOOG,2167.8698,2175.8999,2167.8698,2173.655,1915
20220705,10:24:00,GOOG,2175.7424,2176.99,2172.31,2176.99,4084
20220705,10:25:00,GOOG,2176.21,2176.21,2172.81,2173.45,1080
20220705,10:26:00,GOOG,2174.65,2176.0905,2174.63,2175.37,721
20220705,10:27:00,GOOG,2173.29,2177.86,2172.32,2177.81,2133
20220705,10:28:00,GOOG,2177.79,2177.79,2177.0,2177.0,480
20220705,10:29:00,GOOG,2175.64,2176.6999,2172.4503,2172.55,1231
20220705,10:30:00,GOOG,2173.95,2173.95,2172.6,2173.77,460
20220705,10:31:00,GOOG,2174.28,2174.375,2169.89,2171.93,2937
20220705,10:32:00,GOOG,2176.13,2176.13,2176.13,2176.13,180
20220705,10:33:00,GOOG,2178.31,2178.31,2174.09,2174.09,1390
20220705,10:34:00,GOOG,2174.1764,2174.1764,2172.1201,2173.1,585
20220705,10:35:00,GOOG,2175.51,2175.51,2175.51,2175.51,500
20220705,10:36:00,GOOG,2177.0,2183.135,2177.0,2183.135,1750
20220705,10:37:00,GOOG,2184.9788,2186.0,2184.9788,2186.0,1344
20220705,10:38:00,GOOG,2190.0,2197.26,2190.0,2197.26,2235
20220705,10:39:00,GOOG,2197.98,2198.1999,2195.46,2195.79,4019
20220705,10:40:00,GOOG,2196.04,2196.98,2193.71,2196.98,1146
20220705,10:41:00,GOOG,2195.62,2203.01,2195.34,2203.01,2115
20220705,10:42:00,GOOG,2202.3401,2206.6,2198.3,2198.83,1596
20220705,10:43:00,GOOG,2199.71,2199.71,2195.68,2195.68,2962
20220705,10:44:00,GOOG,2195.5,2196.5551,2189.2,2189.29,3678
20220705,10:45:00,GOOG,2188.23,2190.32,2187.065,2188.2,1060
20220705,10:46:00,GOOG,2189.25,2189.25,2187.67,2187.67,727
20220705,10:47:00,GOOG,2187.29,2188.0,2183.8901,2185.12,4507
20220705,10:48:00,GOOG,2187.035,2188.0,2185.92,2185.92,680
20220705,10:49:00,GOOG,2187.09,2189.47,2186.45,2189.47,2935
20220705,10:50:00,GOOG,2184.5206,2185.68,2184.5206,2185.68,277
20220705,10:51:00,GOOG,2185.03,2185.03,2181.94,2182.1101,740
20220705,10:53:00,GOOG,2183.5199,2183.5199,2180.27,2182.5957,3161
20220705,10:54:00,GOOG,2182.78,2183.48,2181.74,2183.48,387
20220705,10:55:00,GOOG,2182.62,2185.86,2182.62,2183.69,2260
20220705,10:56:00,GOOG,2184.2,2184.2,2183.51,2183.51,400
20220705,10:57:00,GOOG,2183.89,2185.45,2183.89,2185.0401,460
20220705,10:58:00,GOOG,2186.68,2186.9262,2186.16,2186.9262,660
20220705,10:59:00,GOOG,2185.785,2186.3967,2185.065,2185.065,860
20220705,11:00:00,GOOG,2183.69,2183.69,2179.66,2180.1,1160
20220705,11:01:00,GOOG,2178.8,2180.08,2177.8,2179.875,752
20220705,11:02:00,GOOG,2178.97,2178.97,2176.9242,2176.9242,670
20220705,11:03:00,GOOG,2175.13,2176.99,2175.05,2176.43,980
20220705,11:04:00,GOOG,2178.47,2179.577,2178.47,2179.21,380
20220705,11:05:00,GOOG,2177.46,2178.26,2176.04,2176.04,1360
20220705,11:06:00,GOOG,2175.1947,2175.37,2171.4747,2175.37,2252
20220705,11:07:00,GOOG,2175.5901,2178.58,2175.5901,2178.57,780
20220705,11:08:00,GOOG,2178.465,2178.465,2176.86,2178.4599,960
20220705,11:09:00,GOOG,2177.37,2179.5058,2175.86,2179.5058,840
20220705,11:10:00,GOOG,2180.285,2180.285,2178.3,2178.3,860
20220705,11:11:00,GOOG,2178.3982,2178.3982,2175.98,2175.98,560
20220705,11:12:00,GOOG,2177.07,2178.54,2177.07,2178.4349,660
20220705,11:13:00,GOOG,2178.68,2178.8386,2177.87,2178.8386,760
20220705,11:14:00,GOOG,2181.88,2181.88,2181.88,2181.88,180
20220705,11:15:00,GOOG,2182.0,2182.0,2181.65,2181.65,680
20220705,11:16:00,GOOG,2182.69,2183.73,2181.492,2183.73,560
20220705,11:17:00,GOOG,2184.67,2186.2277,2184.67,2186.2277,1109
20220705,11:18:00,GOOG,2185.52,2187.1,2185.515,2185.515,480
20220705,11:19:00,GOOG,2185.15,2187.2,2183.005,2187.2,860
20220705,11:20:00,GOOG,2186.53,2188.23,2186.53,2188.23,516
20220705,11:21:00,GOOG,2187.51,2188.98,2187.51,2188.98,964
20220705,11:22:00,GOOG,2186.45,2186.48,2186.28,2186.28,460
20220705,11:23:00,GOOG,2185.28,2185.5664,2182.37,2182.91,1965
20220705,11:24:00,GOOG,2184.261,2185.6099,2184.07,2185.0,960
20220705,11:25:00,GOOG,2185.21,2185.54,2184.66,2184.66,400
20220705,11:26:00,GOOG,2183.65,2184.4975,2183.21,2183.3271,560
20220705,11:27:00,GOOG,2184.11,2188.07,2184.11,2188.07,1089
20220705,11:28:00,GOOG,2186.73,2188.6742,2186.66,2188.6742,480
20220705,11:29:00,GOOG,2188.98,2188.98,2185.8301,2185.8301,619
20220705,11:30:00,GOOG,2187.08,2187.08,2185.3801,2186.5699,935
20220705,11:31:00,GOOG,2185.2401,2187.9,2185.2401,2187.325,460
20220705,11:32:00,GOOG,2187.32,2190.68,2187.32,2190.29,1510
20220705,11:33:00,GOOG,2190.315,2191.2106,2190.315,2190.72,980
20220705,11:34:00,GOOG,2188.975,2189.13,2188.975,2189.13,580
20220705,11:35:00,GOOG,2189.71,2191.2,2189.71,2189.88,680
20220705,11:36:00,GOOG,2189.54,2189.54,2188.36,2188.36,200
20220705,11:37:00,GOOG,2188.255,2189.22,2188.15,2189.22,462
20220705,11:38:00,GOOG,2187.16,2187.16,2186.53,2186.53,700
20220705,11:39:00,GOOG,2186.165,2188.71,2186.033,2187.0301,1242
20220705,11:40:00,GOOG,2189.2,2191.03,2189.2,2190.25,980
20220705,11:41:00,GOOG,2191.16,2193.615,2190.66,2193.21,1080
20220705,11:42:00,GOOG,2194.85,2195.6506,2194.85,2195.6506,1546
20220705,11:43:00,GOOG,2195.9,2198.69,2195.9,2197.29,2045
20220705,11:44:00,GOOG,2198.14,2198.33,2197.4301,2197.4301,548
20220705,11:45:00,GOOG,2199.92,2202.0,2199.92,2200.77,2430
20220705,11:46:00,GOOG,2203.44,2205.49,2203.44,2205.205,1347
20220705,11:47:00,GOOG,2205.138,2206.27,2205.138,2206.06,500
20220705,11:48:00,GOOG,2206.91,2208.0,2206.225,2207.1,761
20220705,11:49:00,GOOG,2206.645,2208.0,2206.0,2207.69,2234
20220705,11:50:00,GOOG,2209.0,2209.8567,2209.0,2209.1533,800
20220705,11:51:00,GOOG,2210.0,2211.81,2209.19,2210.22,4458
20220705,11:52:00,GOOG,2209.15,2209.15,2208.34,2208.34,380
20220705,11:53:00,GOOG,2208.04,2208.04,2206.11,2206.11,1372
20220705,11:54:00,GOOG,2208.73,2209.96,2208.73,2209.96,780
20220705,11:55:00,GOOG,2209.01,2209.5199,2207.875,2208.53,1480
20220705,11:56:00,GOOG,2209.5,2209.5,2206.1401,2209.06,960
20220705,11:57:00,GOOG,2209.28,2209.281,2207.75,2208.05,760
20220705,11:58:00,GOOG,2206.71,2206.9899,2205.63,2205.95,697
20220705,11:59:00,GOOG,2205.27,2206.93,2205.1,2205.645,2307
20220705,12:00:00,GOOG,2206.16,2206.16,2203.28,2204.62,2065
20220705,12:01:00,GOOG,2206.01,2206.99,2204.21,2206.05,1750
20220705,12:02:00,GOOG,2206.26,2206.26,2203.28,2203.28,780
20220705,12:03:00,GOOG,2203.64,2204.01,2200.69,2201.005,1160
20220705,12:04:00,GOOG,2200.13,2202.1376,2200.13,2200.92,1747
20220705,12:05:00,GOOG,2202.96,2202.97,2200.75,2202.71,500
20220705,12:06:00,GOOG,2200.02,2202.13,2200.02,2202.13,980
20220705,12:07:00,GOOG,2204.92,2209.3753,2204.28,2205.96,2848
20220705,12:08:00,GOOG,2206.7988,2207.31,2206.5,2206.7601,760
20220705,12:09:00,GOOG,2208.76,2210.0,2208.73,2210.0,1000
20220705,12:10:00,GOOG,2208.92,2211.52,2208.01,2211.52,3578
20220705,12:11:00,GOOG,2213.5199,2213.5199,2212.14,2213.275,580
20220705,12:12:00,GOOG,2212.6,2213.87,2211.31,2213.7401,2710
20220705,12:13:00,GOOG,2212.38,2213.53,2210.0,2210.0,3002
20220705,12:14:00,GOOG,2210.12,2210.12,2210.12,2210.12,100
20220705,12:15:00,GOOG,2210.22,2210.22,2208.79,2209.01,300
20220705,12:16:00,GOOG,2208.245,2208.59,2207.94,2208.255,1463
20220705,12:17:00,GOOG,2207.26,2209.52,2207.26,2209.46,1380
20220705,12:18:00,GOOG,2211.125,2211.89,2209.812,2209.812,995
20220705,12:19:00,GOOG,2212.0,2212.7938,2211.57,2212.74,3197
20220705,12:20:00,GOOG,2211.46,2211.46,2210.685,2211.05,813
20220705,12:21:00,GOOG,2211.3,2211.3,2210.46,2211.19,1384
20220705,12:22:00,GOOG,2211.79,2214.86,2211.79,2214.86,1235
20220705,12:23:00,GOOG,2214.3154,2219.02,2214.3154,2218.89,2100
20220705,12:24:00,GOOG,2219.79,2220.08,2218.29,2220.08,1482
20220705,12:25:00,GOOG,2221.4399,2221.4399,2219.21,2220.29,1360
20220705,12:26:00,GOOG,2220.29,2220.865,2220.29,2220.29,1030
20220705,12:27:00,GOOG,2221.24,2222.745,2221.24,2222.745,580
20220705,12:28:00,GOOG,2223.49,2223.49,2219.22,2219.32,1880
20220705,12:29:00,GOOG,2219.895,2222.42,2219.42,2221.57,1260
20220705,12:30:00,GOOG,2223.03,2223.03,2222.77,2222.7741,460
20220705,12:31:00,GOOG,2222.1,2222.635,2221.4952,2221.4952,760
20220705,12:32:00,GOOG,2222.99,2222.99,2221.91,2221.91,735
20220705,12:33:00,GOOG,2220.2958,2221.34,2220.2958,2221.34,460
20220705,12:34:00,GOOG,2221.43,2221.49,2220.9125,2221.26,760
20220705,12:35:00,GOOG,2221.26,2221.26,2220.58,2220.58,412
20220705,12:36:00,GOOG,2223.31,2223.48,2223.31,2223.45,592
20220705,12:37:00,GOOG,2224.6864,2225.0,2222.53,2224.5799,2630
20220705,12:38:00,GOOG,2223.6626,2226.98,2223.6626,2226.98,2641
20220705,12:39:00,GOOG,2226.74,2226.74,2223.275,2223.465,1430
20220705,12:40:00,GOOG,2224.92,2224.93,2224.92,2224.93,280
20220705,12:41:00,GOOG,2225.5065,2225.52,2220.57,2220.57,800
20220705,12:42:00,GOOG,2220.77,2222.47,2220.0,2222.08,4060
20220705,12:43:00,GOOG,2223.16,2223.99,2221.09,2223.4775,6603
20220705,12:44:00,GOOG,2223.12,2225.0,2223.12,2225.0,1179
20220705,12:45:00,GOOG,2223.52,2223.9,2222.9999,2223.35,1550
20220705,12:46:00,GOOG,2222.32,2222.5799,2219.55,2219.55,680
20220705,12:47:00,GOOG,2218.87,2220.225,2218.59,2220.225,682
20220705,12:48:00,GOOG,2218.4701,2219.2225,2218.4701,2219.2225,417
20220705,12:49:00,GOOG,2219.08,2219.08,2217.016,2217.016,793
20220705,12:50:00,GOOG,2218.22,2218.7652,2217.8,2218.07,580
20220705,12:51:00,GOOG,2218.285,2219.24,2218.285,2219.23,380
20220705,12:52:00,GOOG,2218.51,2218.51,2216.77,2217.815,800
20220705,12:53:00,GOOG,2218.59,2218.825,2217.83,2218.58,480
20220705,12:54:00,GOOG,2218.6588,2220.1829,2218.33,2219.91,1336
20220705,12:55:00,GOOG,2219.435,2220.359,2219.435,2220.359,560
20220705,12:56:00,GOOG,2219.63,2220.52,2219.25,2220.45,1008
20220705,12:57:00,GOOG,2220.36,2221.64,2220.35,2221.23,700
20220705,12:58:00,GOOG,2220.0,2220.0,2218.02,2218.02,1593
20220705,12:59:00,GOOG,2218.565,2219.3984,2217.52,2217.52,2680
20220705,13:00:00,GOOG,2217.505,2219.11,2216.58,2218.8404,1992
20220705,13:01:00,GOOG,2219.05,2219.2,2217.55,2217.55,1300
20220705,13:02:00,GOOG,2217.22,2219.35,2216.695,2218.65,1780
20220705,13:03:00,GOOG,2219.745,2220.4858,2219.745,2219.75,700
20220705,13:04:00,GOOG,2219.6424,2223.08,2219.5,2223.08,2013
20220705,13:05:00,GOOG,2221.75,2221.75,2219.62,2219.74,1280
20220705,13:06:00,GOOG,2218.8,2219.67,2218.8,2219.5686,660
20220705,13:07:00,GOOG,2219.63,2220.39,2218.8,2220.01,2350
20220705,13:08:00,GOOG,2220.03,2221.34,2220.03,2221.34,400
20220705,13:09:00,GOOG,2222.6,2224.73,2222.6,2224.39,1500
20220705,13:10:00,GOOG,2224.33,2226.73,2224.2711,2226.27,2732
20220705,13:11:00,GOOG,2225.94,2228.38,2225.94,2228.38,2299
20220705,13:12:00,GOOG,2228.525,2229.03,2227.7701,2229.0,849
20220705,13:13:00,GOOG,2228.81,2228.81,2227.54,2227.54,1100
20220705,13:14:00,GOOG,2228.205,2228.868,2228.205,2228.7,680
20220705,13:15:00,GOOG,2229.0,2229.15,2229.0,2229.08,400
20220705,13:16:00,GOOG,2228.53,2228.53,2228.35,2228.35,400
20220705,13:17:00,GOOG,2229.65,2233.5,2229.65,2233.2,2923
20220705,13:18:00,GOOG,2232.68,2236.59,2232.68,2235.28,750
20220705,13:19:00,GOOG,2236.58,2237.94,2236.36,2237.94,700
20220705,13:20:00,GOOG,2237.22,2238.1,2237.2,2237.2601,1060
20220705,13:21:00,GOOG,2237.62,2238.03,2234.69,2234.69,6536
20220705,13:22:00,GOOG,2237.0,2240.32,2237.0,2240.23,4343
20220705,13:23:00,GOOG,2241.4351,2241.52,2238.67,2238.67,3119
20220705,13:24:00,GOOG,2238.51,2238.51,2237.0,2237.0,1325
20220705,13:25:00,GOOG,2237.84,2239.575,2237.84,2238.735,1760
20220705,13:26:00,GOOG,2239.81,2241.6917,2238.74,2241.6917,2684
20220705,13:27:00,GOOG,2240.645,2242.23,2239.87,2241.46,3347
20220705,13:28:00,GOOG,2241.7,2241.7,2240.855,2240.855,1180
20220705,13:29:00,GOOG,2241.77,2243.2758,2240.485,2240.485,3114
20220705,13:30:00,GOOG,2241.4437,2242.125,2240.5825,2240.95,1380
20220705,13:31:00,GOOG,2240.51,2242.375,2240.51,2242.3,1313
20220705,13:32:00,GOOG,2242.695,2242.695,2241.06,2241.06,430
20220705,13:33:00,GOOG,2243.7974,2243.8325,2242.2,2243.0,2015
20220705,13:34:00,GOOG,2245.1104,2246.7,2244.5,2246.7,744
20220705,13:35:00,GOOG,2247.545,2248.0,2246.34,2247.6591,1929
20220705,13:36:00,GOOG,2247.21,2251.0,2246.76,2251.0,2918
20220705,13:37:00,GOOG,2250.43,2250.9999,2250.0716,2250.64,1328
20220705,13:38:00,GOOG,2250.12,2250.94,2249.9803,2250.94,1357
20220705,13:39:00,GOOG,2251.54,2251.8029,2250.65,2250.74,1800
20220705,13:40:00,GOOG,2250.94,2252.0,2249.68,2250.32,2270
20220705,13:41:00,GOOG,2250.305,2251.79,2249.03,2249.03,1994
20220705,13:42:00,GOOG,2249.48,2251.3238,2249.48,2250.68,3098
20220705,13:43:00,GOOG,2250.11,2250.11,2246.51,2246.51,880
20220705,13:44:00,GOOG,2246.01,2247.47,2245.69,2246.18,1060
20220705,13:45:00,GOOG,2245.58,2245.58,2243.96,2243.96,300
20220705,13:46:00,GOOG,2241.46,2244.77,2241.46,2244.1769,960
20220705,13:47:00,GOOG,2241.72,2242.058,2241.48,2242.058,325
20220705,13:48:00,GOOG,2241.0,2241.77,2240.76,2241.04,3280
20220705,13:49:00,GOOG,2240.88,2242.84,2240.81,2242.57,4493
20220705,13:50:00,GOOG,2242.61,2243.1376,2241.69,2243.1376,845
20220705,13:51:00,GOOG,2242.5969,2242.5969,2241.625,2242.525,660
20220705,13:52:00,GOOG,2242.28,2242.28,2242.28,2242.28,100
20220705,13:53:00,GOOG,2242.07,2242.07,2242.07,2242.07,100
20220705,13:54:00,GOOG,2242.7,2243.5,2242.0,2243.32,3080
20220705,13:55:00,GOOG,2243.8507,2244.0099,2242.44,2242.68,1739
20220705,13:56:00,GOOG,2242.28,2242.56,2242.28,2242.4931,380
20220705,13:57:00,GOOG,2244.07,2244.07,2244.06,2244.07,600
20220705,13:58:00,GOOG,2244.355,2245.62,2244.07,2245.075,2615
20220705,13:59:00,GOOG,2245.71,2248.2609,2245.71,2248.16,401
20220705,14:00:00,GOOG,2247.86,2247.86,2246.72,2247.565,613
20220705,14:01:00,GOOG,2247.7,2247.86,2247.43,2247.86,680
20220705,14:02:00,GOOG,2248.755,2249.955,2248.755,2249.64,500
20220705,14:03:00,GOOG,2250.55,2251.215,2249.93,2250.0,1335
20220705,14:04:00,GOOG,2250.685,2252.55,2250.1,2252.41,2478
20220705,14:05:00,GOOG,2251.7424,2251.7424,2249.64,2249.64,1160
20220705,14:06:00,GOOG,2250.0,2250.0,2249.51,2249.99,1952
20220705,14:07:00,GOOG,2249.32,2251.92,2249.32,2251.92,1710
20220705,14:08:00,GOOG,2252.48,2253.03,2249.43,2249.52,3021
20220705,14:09:00,GOOG,2249.17,2250.57,2249.05,2249.5201,3260
20220705,14:10:00,GOOG,2250.3377,2251.43,2250.3377,2251.13,660
20220705,14:11:00,GOOG,2249.8,2252.4,2249.8,2251.805,1180
20220705,14:12:00,GOOG,2252.6,2253.0,2251.53,2252.8,635
20220705,14:13:00,GOOG,2252.7766,2252.82,2252.33,2252.33,1200
20220705,14:14:00,GOOG,2251.585,2251.585,2249.905,2250.0,2930
20220705,14:15:00,GOOG,2250.5336,2250.5336,2249.0,2250.0,4321
20220705,14:16:00,GOOG,2250.0,2250.645,2248.96,2250.645,3600
20220705,14:17:00,GOOG,2250.94,2253.25,2250.94,2253.25,1780
20220705,14:18:00,GOOG,2251.43,2252.5699,2251.19,2251.69,1086
20220705,14:19:00,GOOG,2251.0,2254.3,2250.3301,2253.785,2969
20220705,14:20:00,GOOG,2253.08,2254.8799,2252.36,2252.36,1060
20220705,14:21:00,GOOG,2251.9,2253.275,2251.9,2253.275,351
20220705,14:22:00,GOOG,2253.38,2254.47,2252.76,2252.91,500
20220705,14:23:00,GOOG,2252.0,2255.0,2252.0,2255.0,3194
20220705,14:24:00,GOOG,2255.51,2258.0,2255.31,2257.527,2685
20220705,14:25:00,GOOG,2257.8602,2259.45,2256.9,2259.45,3802
20220705,14:26:00,GOOG,2259.45,2262.7568,2259.45,2261.11,3495
20220705,14:27:00,GOOG,2262.12,2262.4283,2260.14,2260.7,996
20220705,14:28:00,GOOG,2260.4401,2261.405,2260.4401,2261.005,930
20220705,14:29:00,GOOG,2261.9,2261.9,2261.19,2261.19,595
20220705,14:30:00,GOOG,2261.39,2261.93,2260.48,2261.93,960
20220705,14:31:00,GOOG,2262.67,2266.4899,2262.67,2265.0,3378
20220705,14:32:00,GOOG,2265.0,2266.63,2263.8701,2266.63,3286
20220705,14:33:00,GOOG,2266.98,2268.33,2266.915,2266.915,1180
20220705,14:34:00,GOOG,2266.2,2268.49,2266.2,2267.84,1748
20220705,14:35:00,GOOG,2267.0637,2268.68,2267.0637,2268.68,280
20220705,14:36:00,GOOG,2268.85,2270.97,2268.06,2270.97,2835
20220705,14:37:00,GOOG,2270.325,2272.77,2269.82,2270.21,3842
20220705,14:38:00,GOOG,2271.52,2272.32,2269.36,2269.36,2111
20220705,14:39:00,GOOG,2271.0099,2274.43,2269.68,2274.39,7060
20220705,14:40:00,GOOG,2273.74,2273.74,2271.31,2271.76,2951
20220705,14:41:00,GOOG,2272.1321,2272.1321,2270.405,2271.7675,546
20220705,14:42:00,GOOG,2270.02,2270.32,2265.0454,2266.58,3704
20220705,14:43:00,GOOG,2267.5820000000003,2269.7799,2267.035,2268.1201,3691
20220705,14:44:00,GOOG,2268.95,2270.19,2268.6,2269.72,4408
20220705,14:45:00,GOOG,2269.56,2269.895,2268.77,2269.48,4180
20220705,14:46:00,GOOG,2269.93,2271.16,2269.3675,2269.77,1980
20220705,14:47:00,GOOG,2269.5,2269.5,2267.9633,2267.9633,1805
20220705,14:48:00,GOOG,2268.25,2269.16,2267.2,2267.2,4879
20220705,14:49:00,GOOG,2266.495,2268.0,2266.25,2267.78,5147
20220705,14:50:00,GOOG,2267.57,2270.0,2267.57,2270.0,3266
20220705,14:51:00,GOOG,2269.62,2269.91,2268.62,2269.805,1997
20220705,14:52:00,GOOG,2270.6,2270.6,2269.19,2269.52,4785
20220705,14:53:00,GOOG,2269.54,2269.55,2268.87,2269.245,1604
20220705,14:54:00,GOOG,2269.9,2270.715,2269.9,2270.3274,880
20220705,14:55:00,GOOG,2269.81,2269.87,2268.61,2269.65,3619
20220705,14:56:00,GOOG,2270.1,2271.0,2269.89,2270.41,1278
20220705,14:57:00,GOOG,2269.845,2270.4884,2269.845,2270.11,680
20220705,14:58:00,GOOG,2269.99,2269.99,2269.5399,2269.5399,308
20220705,14:59:00,GOOG,2270.03,2270.03,2270.03,2270.03,100
20220705,15:00:00,GOOG,2269.115,2270.04,2269.115,2269.585,1000
20220705,15:01:00,GOOG,2268.74,2269.09,2267.78,2267.78,900
20220705,15:02:00,GOOG,2267.49,2268.7,2267.49,2268.29,1041
20220705,15:03:00,GOOG,2268.91,2269.32,2268.91,2269.32,300
20220705,15:04:00,GOOG,2269.57,2269.57,2268.53,2268.53,528
20220705,15:05:00,GOOG,2270.33,2271.8,2269.85,2271.67,1864
20220705,15:06:00,GOOG,2270.57,2271.14,2269.3001,2271.14,830
20220705,15:07:00,GOOG,2272.51,2274.62,2272.51,2274.62,1417
20220705,15:08:00,GOOG,2274.065,2274.62,2271.49,2271.8856,3147
20220705,15:09:00,GOOG,2271.04,2272.525,2271.04,2272.3802,680
20220705,15:10:00,GOOG,2273.375,2274.284,2273.01,2273.315,1747
20220705,15:11:00,GOOG,2272.92,2272.92,2271.1999,2271.1999,1280
20220705,15:12:00,GOOG,2270.55,2270.55,2269.8801,2270.3,1296
20220705,15:13:00,GOOG,2271.19,2271.5,2270.0,2271.5,1488
20220705,15:14:00,GOOG,2271.11,2271.53,2270.64,2271.53,860
20220705,15:15:00,GOOG,2272.3999,2272.3999,2269.7,2270.66,923
20220705,15:16:00,GOOG,2269.31,2269.705,2268.01,2268.01,1400
20220705,15:17:00,GOOG,2266.8101,2268.9599,2266.5101,2266.9541,970
20220705,15:18:00,GOOG,2267.3,2267.83,2265.255,2265.255,1160
20220705,15:19:00,GOOG,2263.11,2264.51,2263.01,2263.2,1836
20220705,15:20:00,GOOG,2263.7597,2267.59,2263.7597,2267.59,2880
20220705,15:21:00,GOOG,2267.04,2268.14,2267.04,2268.13,1500
20220705,15:22:00,GOOG,2267.6149,2268.33,2267.6149,2268.33,280
20220705,15:23:00,GOOG,2269.26,2272.46,2269.26,2272.46,1180
20220705,15:24:00,GOOG,2272.85,2273.285,2271.61,2273.285,1334
20220705,15:25:00,GOOG,2273.56,2274.49,2271.13,2272.06,2399
20220705,15:26:00,GOOG,2271.4028,2272.5,2270.92,2272.5,1280
20220705,15:27:00,GOOG,2272.7,2272.7,2270.76,2271.53,766
20220705,15:28:00,GOOG,2271.8,2275.73,2270.6884,2274.82,18146
20220705,15:29:00,GOOG,2274.41,2274.41,2273.3,2273.3,1100
20220705,15:30:00,GOOG,2274.24,2274.44,2271.12,2272.31,1400
20220705,15:31:00,GOOG,2273.59,2273.7,2272.94,2273.7,1847
20220705,15:32:00,GOOG,2274.61,2277.3,2274.61,2277.3,2325
20220705,15:33:00,GOOG,2276.865,2276.89,2275.39,2275.63,3042
20220705,15:34:00,GOOG,2275.2593,2275.5,2274.5,2275.5,800
20220705,15:35:00,GOOG,2275.4542,2276.6899,2274.92,2276.26,2400
20220705,15:36:00,GOOG,2275.65,2276.055,2272.6201,2275.7651,8547
20220705,15:37:00,GOOG,2275.82,2276.055,2272.76,2272.76,2239
20220705,15:38:00,GOOG,2274.25,2276.05,2274.25,2275.5165,2523
20220705,15:39:00,GOOG,2276.0025,2276.035,2274.08,2274.44,4358
20220705,15:40:00,GOOG,2275.11,2276.61,2274.58,2276.24,2162
20220705,15:41:00,GOOG,2276.3534,2277.55,2275.895,2276.6799,1850
20220705,15:42:00,GOOG,2275.9,2277.18,2275.9,2277.18,829
20220705,15:43:00,GOOG,2276.11,2278.87,2276.06,2278.82,4193
20220705,15:44:00,GOOG,2278.76,2279.485,2277.74,2278.93,6951
20220705,15:45:00,GOOG,2278.8675,2279.99,2278.48,2278.69,3320
20220705,15:46:00,GOOG,2278.61,2281.0516,2278.61,2280.135,4539
20220705,15:47:00,GOOG,2278.82,2279.14,2277.53,2278.4,1960
20220705,15:48:00,GOOG,2278.9,2279.24,2277.4,2278.0,1400
20220705,15:49:00,GOOG,2277.7,2280.17,2277.2001,2280.17,1729
20220705,15:50:00,GOOG,2279.71,2279.71,2274.7479,2276.685,4698
20220705,15:51:00,GOOG,2276.595,2276.595,2274.8,2274.8,1466
20220705,15:52:00,GOOG,2274.66,2276.402,2273.165,2273.635,2203
20220705,15:53:00,GOOG,2272.05,2273.21,2271.701,2273.21,1748
20220705,15:54:00,GOOG,2273.2,2277.91,2273.2,2276.7114,4255
20220705,15:55:00,GOOG,2276.61,2277.34,2275.0501,2275.145,2703
20220705,15:56:00,GOOG,2275.2,2276.63,2274.4,2276.63,2536
20220705,15:57:00,GOOG,2276.59,2276.59,2275.115,2276.0,2969
20220705,15:58:00,GOOG,2276.244,2276.82,2275.21,2276.82,5734
20220705,15:59:00,GOOG,2276.95,2279.07,2276.3901,2279.07,13434
20220705,09:30:00,MMM,126.98,126.99,126.09,126.09,101835
20220705,09:31:00,MMM,126.14,126.235,126.03,126.235,15269
20220705,09:32:00,MMM,126.27,126.28,126.12,126.16,3571
20220705,09:33:00,MMM,126.25,126.41,126.17,126.24,7466
20220705,09:34:00,MMM,126.2,126.2,126.07,126.16,4140
20220705,09:35:00,MMM,126.14,126.16,125.72,125.72,24474
20220705,09:36:00,MMM,125.71,126.04,125.66,125.79,10434
20220705,09:37:00,MMM,125.84,125.87,125.71,125.75,7663
20220705,09:38:00,MMM,125.755,125.94,125.74,125.93,3968
20220705,09:39:00,MMM,125.9,125.95,125.86,125.91,3735
20220705,09:40:00,MMM,125.92,125.95,125.69,125.86,9836
20220705,09:41:00,MMM,125.83,126.06,125.79,125.92,4901
20220705,09:42:00,MMM,125.93,126.17,125.88,126.0658,6754
20220705,09:43:00,MMM,126.08,126.08,125.785,125.785,6675
20220705,09:44:00,MMM,125.75,125.75,125.63,125.63,4026
20220705,09:45:00,MMM,125.6,125.86,125.6,125.76,17445
20220705,09:46:00,MMM,125.84,126.35,125.84,126.15,15779
20220705,09:47:00,MMM,126.13,126.22,125.95,126.22,5998
20220705,09:48:00,MMM,126.25,126.44,126.25,126.28,8848
20220705,09:49:00,MMM,126.31,126.31,126.13,126.2,7357
20220705,09:50:00,MMM,126.28,126.45,126.28,126.36,14085
20220705,09:51:00,MMM,126.354,126.354,126.0988,126.11,6729
20220705,09:52:00,MMM,126.15,126.55,126.15,126.52,4740
20220705,09:53:00,MMM,126.545,126.76,126.48,126.7,16267
20220705,09:54:00,MMM,126.7,126.82,126.59,126.82,10239
20220705,09:55:00,MMM,126.8,126.92,126.76,126.91,24058
20220705,09:56:00,MMM,126.89,126.93,126.58,126.6,14067
20220705,09:57:00,MMM,126.61,126.77,126.48,126.49,11724
20220705,09:58:00,MMM,126.5,126.64,126.49,126.51,10989
20220705,09:59:00,MMM,126.515,126.7,126.29,126.61,6486
20220705,10:00:00,MMM,126.57,126.7,126.35,126.66,34812
20220705,10:01:00,MMM,126.64,126.7,126.55,126.55,2150
20220705,10:02:00,MMM,126.6,126.8,126.49,126.8,10511
20220705,10:03:00,MMM,126.76,127.02,126.72,126.99,24010
20220705,10:04:00,MMM,126.97,126.99,126.74,126.92,10102
20220705,10:05:00,MMM,126.89,126.97,126.82,126.835,6948
20220705,10:06:00,MMM,126.8,126.89,126.7,126.89,4859
20220705,10:07:00,MMM,126.83,126.87,126.7,126.72,6538
20220705,10:08:00,MMM,126.725,126.725,126.53,126.67,9748
20220705,10:09:00,MMM,126.66,126.805,126.65,126.8,6305
20220705,10:10:00,MMM,126.795,126.81,126.62,126.64,6790
20220705,10:11:00,MMM,126.63,126.82,126.63,126.69,5892
20220705,10:12:00,MMM,126.695,126.76,126.48,126.51,11982
20220705,10:13:00,MMM,126.5,126.61,126.5,126.56,4160
20220705,10:14:00,MMM,126.58,126.59,126.47,126.57,4017
20220705,10:15:00,MMM,126.57,126.8,126.49,126.8,3735
20220705,10:16:00,MMM,126.79,126.98,126.75,126.98,29282
20220705,10:17:00,MMM,126.98,126.98,126.775,126.79,8689
20220705,10:18:00,MMM,126.79,126.83,126.61,126.61,6696
20220705,10:19:00,MMM,126.61,126.66,126.48,126.56,25436
20220705,10:20:00,MMM,126.55,126.55,126.29,126.4337,5477
20220705,10:21:00,MMM,126.43,126.46,126.32,126.41,4067
20220705,10:22:00,MMM,126.4,126.51,126.31,126.3399,3011
20220705,10:23:00,MMM,126.3,126.4,126.3,126.4,4012
20220705,10:24:00,MMM,126.32,126.32,126.15,126.23,2807
20220705,10:25:00,MMM,126.26,126.55,126.26,126.55,10049
20220705,10:26:00,MMM,126.57,126.67,126.5,126.67,4072
20220705,10:27:00,MMM,126.66,126.66,126.58,126.58,5023
20220705,10:28:00,MMM,126.58,126.58,126.505,126.57,2758
20220705,10:29:00,MMM,126.615,126.85,126.52,126.84,6752
20220705,10:30:00,MMM,126.85,126.85,126.67,126.85,26022
20220705,10:31:00,MMM,126.84,127.0,126.84,126.95,2319
20220705,10:32:00,MMM,127.02,127.04,126.9,126.96,2530
20220705,10:33:00,MMM,126.95,126.99,126.86,126.92,4129
20220705,10:34:00,MMM,126.89,126.89,126.78,126.83,1967
20220705,10:35:00,MMM,126.8,126.83,126.72,126.83,3279
20220705,10:36:00,MMM,126.89,127.1707,126.89,127.1707,1650
20220705,10:37:00,MMM,127.22,127.28,127.1358,127.22,3266
20220705,10:38:00,MMM,127.21,127.26,127.08,127.085,4036
20220705,10:39:00,MMM,127.07,127.14,127.06,127.12,4479
20220705,10:40:00,MMM,127.15,127.15,126.93,126.93,2795
20220705,10:41:00,MMM,126.97,127.08,126.93,127.04,2827
20220705,10:42:00,MMM,127.06,127.1049,127.01,127.02,5388
20220705,10:43:00,MMM,127.0,127.0,126.79,126.79,2001
20220705,10:44:00,MMM,126.81,126.83,126.65,126.65,3337
20220705,10:45:00,MMM,126.65,126.72,126.57,126.66,7448
20220705,10:46:00,MMM,126.62,126.66,126.58,126.58,2046
20220705,10:47:00,MMM,126.56,126.5849,126.46,126.46,2104
20220705,10:48:00,MMM,126.45,126.59,126.45,126.59,2871
20220705,10:49:00,MMM,126.61,126.67,126.57,126.63,3631
20220705,10:50:00,MMM,126.63,126.63,126.54,126.62,2390
20220705,10:51:00,MMM,126.58,126.64,126.5,126.64,4516
20220705,10:52:00,MMM,126.62,126.63,126.59,126.59,2511
20220705,10:53:00,MMM,126.6,126.62,126.5,126.6,3349
20220705,10:54:00,MMM,126.61,126.62,126.56,126.57,860
20220705,10:55:00,MMM,126.54,126.59,126.43,126.43,4531
20220705,10:56:00,MMM,126.4,126.42,126.3564,126.42,4224
20220705,10:57:00,MMM,126.42,126.48,126.4,126.47,3702
20220705,10:58:00,MMM,126.47,126.55,126.45,126.545,1597
20220705,10:59:00,MMM,126.55,126.59,126.5,126.55,5101
20220705,11:00:00,MMM,126.55,126.55,126.35,126.35,5138
20220705,11:01:00,MMM,126.33,126.34,126.28,126.32,3700
20220705,11:02:00,MMM,126.3142,126.43,126.3142,126.36,6713
20220705,11:03:00,MMM,126.38,126.38,126.23,126.26,5108
20220705,11:04:00,MMM,126.26,126.335,126.23,126.335,2048
20220705,11:05:00,MMM,126.36,126.49,126.345,126.47,2943
20220705,11:06:00,MMM,126.47,126.49,126.3525,126.49,6879
20220705,11:07:00,MMM,126.51,126.56,126.47,126.54,1301
20220705,11:08:00,MMM,126.53,126.566,126.49,126.49,1100
20220705,11:09:00,MMM,126.5,126.52,126.45,126.52,2225
20220705,11:10:00,MMM,126.5445,126.58,126.52,126.58,1000
20220705,11:11:00,MMM,126.5415,126.555,126.48,126.53,1416
20220705,11:12:00,MMM,126.53,126.56,126.46,126.56,3090
20220705,11:13:00,MMM,126.53,126.53,126.48,126.51,2213
20220705,11:14:00,MMM,126.5,126.525,126.45,126.47,1890
20220705,11:15:00,MMM,126.42,126.56,126.42,126.54,2459
20220705,11:16:00,MMM,126.57,126.62,126.51,126.58,2351
20220705,11:17:00,MMM,126.59,126.67,126.5,126.62,3710
20220705,11:18:00,MMM,126.59,126.59,126.41,126.45,8923
20220705,11:19:00,MMM,126.44,126.5008,126.34,126.5008,10999
20220705,11:20:00,MMM,126.55,126.55,126.46,126.46,1211
20220705,11:21:00,MMM,126.47,126.52,126.39,126.39,8319
20220705,11:22:00,MMM,126.39,126.39,126.24,126.24,2042
20220705,11:23:00,MMM,126.22,126.2417,126.16,126.225,7723
20220705,11:24:00,MMM,126.22,126.23,126.19,126.2273,2765
20220705,11:25:00,MMM,126.24,126.24,126.11,126.13,3974
20220705,11:26:00,MMM,126.13,126.26,126.1287,126.26,900
20220705,11:27:00,MMM,126.28,126.5,126.28,126.48,9864
20220705,11:28:00,MMM,126.52,126.56,126.46,126.56,2410
20220705,11:29:00,MMM,126.565,126.62,126.565,126.61,500
20220705,11:30:00,MMM,126.56,126.59,126.41,126.43,3550
20220705,11:31:00,MMM,126.425,126.45,126.35,126.41,3247
20220705,11:32:00,MMM,126.455,126.64,126.455,126.59,1601
20220705,11:33:00,MMM,126.62,126.63,126.6,126.61,1019
20220705,11:34:00,MMM,126.58,126.58,126.44,126.47,1600
20220705,11:35:00,MMM,126.4753,126.51,126.44,126.44,1859
20220705,11:36:00,MMM,126.465,126.49,126.2882,126.33,3365
20220705,11:37:00,MMM,126.34,126.36,126.27,126.29,2706
20220705,11:38:00,MMM,126.27,126.32,126.24,126.29,2162
20220705,11:39:00,MMM,126.34,126.4,126.34,126.4,1577
20220705,11:40:00,MMM,126.41,126.46,126.4093,126.46,1607
20220705,11:41:00,MMM,126.48,126.53,126.46,126.5141,1453
20220705,11:42:00,MMM,126.54,126.73,126.53,126.72,3321
20220705,11:43:00,MMM,126.75,126.805,126.66,126.68,1940
20220705,11:44:00,MMM,126.66,126.76,126.66,126.73,1987
20220705,11:45:00,MMM,126.7,126.715,126.59,126.7,11906
20220705,11:46:00,MMM,126.66,126.665,126.5806,126.605,4424
20220705,11:47:00,MMM,126.6,126.64,126.56,126.57,2052
20220705,11:48:00,MMM,126.58,126.58,126.4699,126.48,3985
20220705,11:49:00,MMM,126.49,126.4918,126.445,126.47,3128
20220705,11:50:00,MMM,126.48,126.57,126.48,126.52,1350
20220705,11:51:00,MMM,126.515,126.55,126.495,126.495,650
20220705,11:52:00,MMM,126.44,126.53,126.42,126.51,1629
20220705,11:53:00,MMM,126.54,126.6,126.49,126.57,5971
20220705,11:54:00,MMM,126.6,126.6,126.565,126.565,3854
20220705,11:55:00,MMM,126.55,126.59,126.52,126.59,2300
20220705,11:56:00,MMM,126.57,126.61,126.57,126.59,1500
20220705,11:57:00,MMM,126.58,126.6,126.55,126.59,3775
20220705,11:58:00,MMM,126.6,126.64,126.56,126.64,13368
20220705,11:59:00,MMM,126.61,126.63,126.59,126.615,5474
20220705,12:00:00,MMM,126.61,126.63,126.57,126.58,4100
20220705,12:01:00,MMM,126.57,126.645,126.56,126.63,14501
20220705,12:02:00,MMM,126.63,126.69,126.59,126.67,9552
20220705,12:03:00,MMM,126.7,126.71,126.62,126.62,3297
20220705,12:04:00,MMM,126.66,126.76,126.66,126.71,3573
20220705,12:05:00,MMM,126.71,126.75,126.68,126.6899,3008
20220705,12:06:00,MMM,126.7,126.7001,126.5458,126.57,12923
20220705,12:07:00,MMM,126.53,126.66,126.52,126.66,2016
20220705,12:08:00,MMM,126.65,126.729,126.64,126.68,2899
20220705,12:09:00,MMM,126.71,126.71,126.63,126.6904,2665
20220705,12:10:00,MMM,126.7,126.85,126.68,126.85,1678
20220705,12:11:00,MMM,126.8699,126.92,126.86,126.86,2403
20220705,12:12:00,MMM,126.86,126.94,126.86,126.94,1354
20220705,12:13:00,MMM,126.94,126.95100000000001,126.675,126.675,3833
20220705,12:14:00,MMM,126.67,126.67,126.59,126.65,2071
20220705,12:15:00,MMM,126.65,126.65,126.6,126.61,1288
20220705,12:16:00,MMM,126.54,126.6,126.54,126.57,975
20220705,12:17:00,MMM,126.56,126.73,126.56,126.73,1401
20220705,12:18:00,MMM,126.7,126.79,126.69,126.72,4214
20220705,12:19:00,MMM,126.8,126.83,126.8,126.825,1101
20220705,12:20:00,MMM,126.8,126.8,126.72,126.72,936
20220705,12:21:00,MMM,126.74,126.74,126.685,126.7,700
20220705,12:22:00,MMM,126.715,126.75,126.715,126.7401,1400
20220705,12:23:00,MMM,126.77,127.05,126.77,127.02,3042
20220705,12:24:00,MMM,127.0309,127.11,127.0,127.074,2377
20220705,12:25:00,MMM,127.13,127.23,127.12,127.23,2531
20220705,12:26:00,MMM,127.21,127.21,127.1606,127.1606,2386
20220705,12:27:00,MMM,127.215,127.28,127.215,127.28,2127
20220705,12:28:00,MMM,127.275,127.275,127.13,127.13,5309
20220705,12:29:00,MMM,127.13,127.16,127.13,127.155,612
20220705,12:30:00,MMM,127.17,127.2866,127.17,127.2866,1806
20220705,12:31:00,MMM,127.25,127.27,127.22,127.22,2064
20220705,12:32:00,MMM,127.21,127.3,127.21,127.22,3022
20220705,12:33:00,MMM,127.2113,127.24,127.2113,127.23,1450
20220705,12:34:00,MMM,127.27,127.27,127.21,127.21,3302
20220705,12:35:00,MMM,127.22,127.2801,127.22,127.2801,2327
20220705,12:36:00,MMM,127.28,127.3,127.26,127.3,1600
20220705,12:37:00,MMM,127.285,127.32,127.25,127.28,1818
20220705,12:38:00,MMM,127.29,127.345,127.2674,127.345,2500
20220705,12:39:00,MMM,127.37,127.37,127.28,127.3,1933
20220705,12:40:00,MMM,127.29,127.3588,127.29,127.34,1400
20220705,12:41:00,MMM,127.355,127.41,127.35,127.39,4006
20220705,12:42:00,MMM,127.4,127.4,127.27,127.27,1964
20220705,12:43:00,MMM,127.27,127.27,127.17,127.17,1837
20220705,12:44:00,MMM,127.185,127.23,127.17,127.19,2015
20220705,12:45:00,MMM,127.185,127.185,127.12,127.12,573
20220705,12:46:00,MMM,127.11,127.125,127.08,127.09,6167
20220705,12:47:00,MMM,127.08,127.18,127.07,127.18,2921
20220705,12:48:00,MMM,127.22,127.2515,127.2,127.22,600
20220705,12:49:00,MMM,127.2083,127.245,127.1695,127.1695,1500
20220705,12:50:00,MMM,127.175,127.2451,127.15,127.18,2984
20220705,12:51:00,MMM,127.16,127.175,127.12,127.12,2890
20220705,12:52:00,MMM,127.13,127.225,127.07,127.225,1201
20220705,12:53:00,MMM,127.21,127.24,127.2,127.2,1311
20220705,12:54:00,MMM,127.215,127.285,127.215,127.265,9370
20220705,12:55:00,MMM,127.27,127.41,127.27,127.345,1884
20220705,12:56:00,MMM,127.33,127.34,127.28,127.3,1123
20220705,12:57:00,MMM,127.3,127.36,127.27,127.36,1400
20220705,12:58:00,MMM,127.35,127.35,127.27,127.28,2479
20220705,12:59:00,MMM,127.26,127.36,127.26,127.35,2422
20220705,13:00:00,MMM,127.3499,127.3499,127.28,127.335,2919
20220705,13:01:00,MMM,127.34,127.39,127.32,127.385,3436
20220705,13:02:00,MMM,127.39,127.44,127.36,127.44,6079
20220705,13:03:00,MMM,127.44,127.46,127.4,127.45,3310
20220705,13:04:00,MMM,127.42,127.55,127.42,127.54,3021
20220705,13:05:00,MMM,127.56,127.5752,127.39,127.43,5746
20220705,13:06:00,MMM,127.405,127.43,127.34,127.37,2700
20220705,13:07:00,MMM,127.351,127.351,127.255,127.31,1718
20220705,13:08:00,MMM,127.33,127.415,127.33,127.415,700
20220705,13:09:00,MMM,127.4245,127.54,127.41,127.54,2218
20220705,13:10:00,MMM,127.53,127.6,127.52,127.6,3077
20220705,13:11:00,MMM,127.59,127.625,127.58,127.625,1335
20220705,13:12:00,MMM,127.63,127.8,127.63,127.785,4783
20220705,13:13:00,MMM,127.77,127.79,127.71,127.725,2049
20220705,13:14:00,MMM,127.6795,127.73,127.6795,127.73,2449
20220705,13:15:00,MMM,127.74,127.76,127.66,127.68,7790
20220705,13:16:00,MMM,127.635,127.65,127.59,127.635,2181
20220705,13:17:00,MMM,127.65,127.665,127.61,127.66,1641
20220705,13:18:00,MMM,127.67,127.809,127.67,127.76,3558
20220705,13:19:00,MMM,127.79,127.8799,127.79,127.87,3508
20220705,13:20:00,MMM,127.84,127.9026,127.76,127.77,13848
20220705,13:21:00,MMM,127.785,127.82,127.76,127.82,2452
20220705,13:22:00,MMM,127.83,127.97,127.83,127.9401,2300
20220705,13:23:00,MMM,127.94,127.9718,127.9,127.9,2365
20220705,13:24:00,MMM,127.87,127.87,127.72,127.72,1600
20220705,13:25:00,MMM,127.74,127.8301,127.73,127.83,6192
20220705,13:26:00,MMM,127.83,127.9,127.83,127.87,7789
20220705,13:27:00,MMM,127.86,127.87,127.81,127.8211,6177
20220705,13:28:00,MMM,127.82,127.83,127.78,127.78,2021
20220705,13:29:00,MMM,127.81,127.865,127.81,127.82,2295
20220705,13:30:00,MMM,127.837,127.9,127.82,127.82,1656
20220705,13:31:00,MMM,127.82,127.89,127.82,127.89,1200
20220705,13:32:00,MMM,127.925,127.93,127.875,127.875,2511
20220705,13:33:00,MMM,127.9,127.98,127.87,127.98,3655
20220705,13:34:00,MMM,127.9638,128.02,127.95,128.02,4015
20220705,13:35:00,MMM,128.02,128.08,128.02,128.03,4414
20220705,13:36:00,MMM,128.05,128.17,128.0461,128.16,2819
20220705,13:37:00,MMM,128.19,128.21,128.1,128.1,6814
20220705,13:38:00,MMM,128.1,128.14,128.09,128.11,2563
20220705,13:39:00,MMM,128.11,128.11,128.0601,128.1,3882
20220705,13:40:00,MMM,128.135,128.23,128.135,128.23,1410
20220705,13:41:00,MMM,128.23,128.39,128.23,128.3683,8166
20220705,13:42:00,MMM,128.38,128.38,128.34,128.35,7474
20220705,13:43:00,MMM,128.37,128.405,128.36,128.385,7688
20220705,13:44:00,MMM,128.405,128.435,128.36,128.37,4364
20220705,13:45:00,MMM,128.38,128.45,128.33,128.33,9765
20220705,13:46:00,MMM,128.36,128.36,128.26,128.26,3074
20220705,13:47:00,MMM,128.25,128.28,128.14,128.155,5144
20220705,13:48:00,MMM,128.14,128.225,128.09,128.21,6330
20220705,13:49:00,MMM,128.23,128.3324,128.23,128.3324,1460
20220705,13:50:00,MMM,128.31,128.35,128.21,128.21,2946
20220705,13:51:00,MMM,128.18,128.265,128.18,128.265,1593
20220705,13:52:00,MMM,128.25,128.26,128.19,128.205,2768
20220705,13:53:00,MMM,128.23,128.29,128.2,128.24,11654
20220705,13:54:00,MMM,128.23,128.29,128.18,128.29,7661
20220705,13:55:00,MMM,128.28,128.35,128.28,128.35,4122
20220705,13:56:00,MMM,128.35,128.36,128.25,128.255,4094
20220705,13:57:00,MMM,128.275,128.29,128.27,128.27,600
20220705,13:58:00,MMM,128.28,128.28,128.19,128.2,4935
20220705,13:59:00,MMM,128.21,128.2643,128.21,128.22,3521
20220705,14:00:00,MMM,128.26,128.26,128.21,128.215,2732
20220705,14:01:00,MMM,128.23,128.285,128.23,128.285,1275
20220705,14:02:00,MMM,128.31,128.36,128.29,128.33,2588
20220705,14:03:00,MMM,128.4,128.4,128.35,128.35,1198
20220705,14:04:00,MMM,128.4199,128.46,128.4199,128.43,1850
20220705,14:05:00,MMM,128.44,128.44,128.33,128.33,1500
20220705,14:06:00,MMM,128.33,128.33,128.28,128.29,966
20220705,14:07:00,MMM,128.3,128.39,128.285,128.33,1801
20220705,14:08:00,MMM,128.38,128.41,128.36,128.37,1214
20220705,14:09:00,MMM,128.35,128.41,128.33,128.395,1903
20220705,14:10:00,MMM,128.41,128.49,128.41,128.45,2658
20220705,14:11:00,MMM,128.44,128.45,128.38,128.435,2136
20220705,14:12:00,MMM,128.44,128.47,128.42,128.45,2618
20220705,14:13:00,MMM,128.43,128.44,128.37,128.37,3911
20220705,14:14:00,MMM,128.4084,128.45,128.4084,128.45,1451
20220705,14:15:00,MMM,128.45,128.45,128.4,128.4,1970
20220705,14:16:00,MMM,128.4,128.4,128.25,128.25,2147
20220705,14:17:00,MMM,128.2519,128.28,128.21,128.21,3695
20220705,14:18:00,MMM,128.1201,128.19,128.1201,128.19,1260
20220705,14:19:00,MMM,128.18,128.31,128.18,128.27700000000002,3902
20220705,14:20:00,MMM,128.275,128.275,128.1,128.115,3225
20220705,14:21:00,MMM,128.07,128.1,128.05,128.05,2473
20220705,14:22:00,MMM,128.05,128.17,128.03,128.0935,2790
20220705,14:23:00,MMM,128.08,128.12,128.03,128.03,6769
20220705,14:24:00,MMM,128.02,128.09,128.02,128.09,2322
20220705,14:25:00,MMM,128.09,128.15,128.03,128.15,7146
20220705,14:26:00,MMM,128.135,128.1893,128.12,128.1893,1775
20220705,14:27:00,MMM,128.2,128.22,128.15,128.16,4169
20220705,14:28:00,MMM,128.19,128.19,128.13,128.145,4737
20220705,14:29:00,MMM,128.145,128.23,128.145,128.18,2054
20220705,14:30:00,MMM,128.21,128.24,128.19,128.21,2489
20220705,14:31:00,MMM,128.24,128.32,128.22,128.27,4344
20220705,14:32:00,MMM,128.25,128.34,128.19,128.33,7455
20220705,14:33:00,MMM,128.35,128.42,128.28,128.29,4838
20220705,14:34:00,MMM,128.3085,128.46,128.27,128.46,6686
20220705,14:35:00,MMM,128.44,128.44,128.34,128.42,2436
20220705,14:36:00,MMM,128.45,128.47899999999998,128.37,128.47899999999998,5717
20220705,14:37:00,MMM,128.48,128.5,128.44,128.44,3572
20220705,14:38:00,MMM,128.46,128.505,128.4338,128.505,2391
20220705,14:39:00,MMM,128.52,128.7,128.52,128.6749,2692
20220705,14:40:00,MMM,128.67,128.76,128.66,128.76,3546
20220705,14:41:00,MMM,128.76,128.76,128.67,128.67,2562
20220705,14:42:00,MMM,128.65,128.65,128.57,128.57,2169
20220705,14:43:00,MMM,128.58,128.7,128.56,128.67,3004
20220705,14:44:00,MMM,128.64,128.66,128.59,128.64,2262
20220705,14:45:00,MMM,128.6681,128.6681,128.57,128.61,2172
20220705,14:46:00,MMM,128.6,128.67,128.59,128.62,2886
20220705,14:47:00,MMM,128.6237,128.64,128.57,128.58,2745
20220705,14:48:00,MMM,128.57,128.63,128.54,128.57,3600
20220705,14:49:00,MMM,128.58,128.61,128.57,128.61,1100
20220705,14:50:00,MMM,128.61,128.64,128.6,128.62,2604
20220705,14:51:00,MMM,128.64,128.67,128.61,128.645,6431
20220705,14:52:00,MMM,128.64,128.6456,128.51,128.575,7486
20220705,14:53:00,MMM,128.57,128.61,128.57,128.6,2720
20220705,14:54:00,MMM,128.65,128.74,128.64,128.74,3627
20220705,14:55:00,MMM,128.73,128.73,128.66,128.69,2302
20220705,14:56:00,MMM,128.7018,128.78,128.68,128.75,3477
20220705,14:57:00,MMM,128.74,128.77,128.72,128.77,1104
20220705,14:58:00,MMM,128.75,128.82,128.75,128.81,1703
20220705,14:59:00,MMM,128.83,128.83,128.73,128.73,2732
20220705,15:00:00,MMM,128.75,128.76,128.66,128.67,3658
20220705,15:01:00,MMM,128.68,128.69,128.56,128.56,3118
20220705,15:02:00,MMM,128.56,128.64,128.56,128.62,1764
20220705,15:03:00,MMM,128.62,128.643,128.57,128.643,2582
20220705,15:04:00,MMM,128.63,128.74,128.62,128.74,1405
20220705,15:05:00,MMM,128.79,128.88,128.76,128.85,4052
20220705,15:06:00,MMM,128.84,128.91,128.83,128.905,9076
20220705,15:07:00,MMM,128.905,128.98,128.9,128.97,7414
20220705,15:08:00,MMM,128.97,129.05,128.95,128.95,4595
20220705,15:09:00,MMM,128.95,129.01,128.95,129.0,2950
20220705,15:10:00,MMM,129.0,129.0,128.9,128.905,5811
20220705,15:11:00,MMM,128.94,128.95,128.84,128.87,3168
20220705,15:12:00,MMM,128.91,128.91,128.86,128.87,4954
20220705,15:13:00,MMM,128.88,128.93,128.86,128.93,2553
20220705,15:14:00,MMM,128.92,129.04,128.91,129.0033,5427
20220705,15:15:00,MMM,129.005,129.01,128.95,128.98,3566
20220705,15:16:00,MMM,129.0,129.01,128.91,128.92,3563
20220705,15:17:00,MMM,128.92,128.9315,128.86,128.86,1217
20220705,15:18:00,MMM,128.87,128.9,128.8,128.81,2782
20220705,15:19:00,MMM,128.78,128.84,128.76,128.77,3300
20220705,15:20:00,MMM,128.815,128.8902,128.71,128.83,25705
20220705,15:21:00,MMM,128.869,128.95,128.865,128.95,3320
20220705,15:22:00,MMM,128.97,128.97,128.87,128.89,3371
20220705,15:23:00,MMM,128.9,129.03,128.9,128.99,9489
20220705,15:24:00,MMM,129.0,129.0537,128.98,128.99,3199
20220705,15:25:00,MMM,128.99,129.05,128.94,128.96,4814
20220705,15:26:00,MMM,128.97,129.04,128.96,129.02,3010
20220705,15:27:00,MMM,129.04,129.07,128.98,129.04,5093
20220705,15:28:00,MMM,129.03,129.17,129.03,129.08,17106
20220705,15:29:00,MMM,129.09,129.14,129.06,129.11,6607
20220705,15:30:00,MMM,129.09,129.2,129.05,129.06,10499
20220705,15:31:00,MMM,129.08,129.08,129.02,129.07,5671
20220705,15:32:00,MMM,129.12,129.14,129.11,129.14,4753
20220705,15:33:00,MMM,129.15,129.22,129.1183,129.22,3618
20220705,15:34:00,MMM,129.2,129.22,129.16,129.21,3569
20220705,15:35:00,MMM,129.21,129.26,129.181,129.23,3745
20220705,15:36:00,MMM,129.23,129.23,129.04,129.09,5554
20220705,15:37:00,MMM,129.12,129.14,129.0,129.0283,4785
20220705,15:38:00,MMM,129.06,129.15,129.06,129.13,4408
20220705,15:39:00,MMM,129.12,129.14,129.09,129.09,2952
20220705,15:40:00,MMM,129.11,129.16,129.11,129.12,5846
20220705,15:41:00,MMM,129.1228,129.17,129.08,129.09,4530
20220705,15:42:00,MMM,129.06,129.1427,129.06,129.12,4087
20220705,15:43:00,MMM,129.12,129.15,129.1,129.14,2633
20220705,15:44:00,MMM,129.15,129.159,129.04,129.11,7037
20220705,15:45:00,MMM,129.11,129.18,129.11,129.17,4652
20220705,15:46:00,MMM,129.18,129.22,129.13,129.137,4475
20220705,15:47:00,MMM,129.13,129.18,129.08,129.17,5241
20220705,15:48:00,MMM,129.1743,129.25,129.17,129.22,9300
20220705,15:49:00,MMM,129.235,129.34,129.195,129.34,5856
20220705,15:50:00,MMM,129.34,129.34,129.13,129.26,19460
20220705,15:51:00,MMM,129.25,129.35,129.24,129.34,7546
20220705,15:52:00,MMM,129.32,129.36,129.23,129.235,6053
20220705,15:53:00,MMM,129.23,129.29,129.1669,129.26,11654
20220705,15:54:00,MMM,129.265,129.39,129.26,129.39,17605
20220705,15:55:00,MMM,129.37,129.44,129.34,129.355,20523
20220705,15:56:00,MMM,129.35,129.35,129.17,129.22,24459
20220705,15:57:00,MMM,129.22,129.25,129.18,129.22,33735
20220705,15:58:00,MMM,129.23,129.25,129.17,129.2,28670
20220705,15:59:00,MMM,129.22,129.23,128.98,129.2,82880
