Ticker,open,high,low,close,volume
A,131.0,132.26,126.9,127.58,1737149
AA,77.17,77.17,72.0481,73.5,7915115
AAL,14.04,14.83,13.7,14.25,53284254
AAP,202.71,204.0,197.278,199.17,1229028
AAPL,151.45,154.12,150.1,150.62,108732111
ABBV,150.73,152.97,149.02,152.1,8647186
ABC,145.99,146.35,143.19,146.15,1033529
ABMD,287.28,290.66,274.3,277.55,227602
ABT,114.9,117.21,114.58,115.52,5527517
ACN,309.07,313.15,303.901,307.68,3156644
ADBE,413.36,422.375,407.94,411.5,3731582
ADI,147.52,148.84,143.81,145.63,3910529
ADM,84.0,84.15,81.11,82.57,3647294
ADP,207.57,209.72,206.21,207.0,2064122
ADS,56.2,56.55,55.18,55.83,533674
ADSK,192.31,194.165,186.29,188.7,2194051
ADT,7.62,7.695,7.27,7.33,2407565
AEE,88.15,88.6,86.95,87.38,791681
AEP,95.4,96.35,94.54,94.74,2948391
AES,22.32,22.505,21.59,21.72,5516979
AFL,60.74,61.435,60.21,60.84,2212297
AIG,58.08,59.02,57.13,57.51,3734410
AIV,7.11,7.12,6.93,6.99,809385
AIZ,171.6,172.55,169.26,170.64,387955
AJG,155.16,156.53,153.63,154.74,911298
AKAM,107.96,110.06,107.5,108.08,1478953
ALB,184.87,186.17,175.26,176.29,973250
ALGN,403.21,403.21,372.62,378.09,2019557
ALK,49.5,50.81,48.53,49.6,2467103
ALL,125.59,127.17,124.45,125.88,1974582
ALLE,112.15,113.625,110.01,111.95,629897
ALTR,59.96,62.06,59.23,59.41,221112
AMAT,123.74,124.72,119.1,120.13,6733185
AMCR,11.05,11.54,11.02,11.29,11006684
AMD,102.99,105.2397,101.04,102.25,89731676
AME,127.55,128.15,125.86,127.09,922643
AMG,129.62,130.42,126.5901,128.08,190994
AMGN,231.08,232.45,228.92,229.21,2902693
AMP,276.72,279.48,272.11,273.6,492299
AMT,235.97,237.16,232.45,234.93,1652426
AMZN,145.981,147.45,140.884,141.85299999999998,74086100
AN,111.07,114.31,111.0,113.06,671644
ANET,120.06,121.73,114.1701,115.28,1754823
ANF,28.75,30.04,28.59,29.41,1978235
ANSS,297.08,301.07,287.72,289.94,700805
AON,296.05,300.78,295.65,297.26,1808443
AOS,66.26,66.57,65.08,65.88,766633
APA,38.01,38.49,36.44,37.58,11775875
APD,220.17,222.37,216.41,218.27,2595449
APH,74.14,74.68,71.04,71.49,3851564
APTV,105.93,109.45,104.0,104.47,2840525
ARE,189.75,190.54,187.43,188.43,716698
ATI,26.17,26.56,25.33,25.74,3316975
ATO,114.24,114.465,111.24,112.86,898612
ATVI,80.05,80.445,79.45,79.55,9535962
AVB,242.0,243.67,238.28,239.32,406624
AVGO,576.96,579.98,564.75,567.8,2523390
AVY,164.61,170.07,163.59,165.93,568784
AWK,153.61,154.95,151.64,152.62,1013421
AXP,171.33,174.71,169.71,172.79,4614621
AYI,181.25,183.4995,178.6327,181.51,364899
AZO,1879.56,1905.0,1860.08,1869.23,164042
BA,175.88,178.2289,172.57,175.52,8138882
BAC,40.9,42.18,40.895,41.2,54262362
BALL,87.23,89.85,86.2,88.44,2582144
BAX,77.45,78.81,77.2,77.99,2452711
BBBY,19.72,20.44,18.3401,19.21,5340892
BBWI,47.39,47.6611,46.28,46.42,3476676
BBY,94.66,97.15,93.19,94.64,2350412
BDX,255.91,262.3,254.61,256.8,1330156
BEAM,60.23,60.49,53.17,53.73,1670963
BEN,27.79,27.94,26.62,26.83,4337967
BF.B,63.01,63.68,62.33,62.36,969587
BHF,47.21,48.155,46.68,47.06,698247
BIG,33.4,33.58,31.43,31.99,1154790
BIIB,198.59,201.52,192.67,193.77,1475811
BIO,536.69,557.79,533.46,541.06,136600
BK,50.78,51.31,50.2433,50.53,6226190
BKNG,2010.2,2040.475,1985.75,1999.95,425249
BKR,36.67,37.48,36.285,36.98,12763473
BLK,695.89,710.39,694.36,697.53,758723
BMY,68.93,69.935,68.75,69.24,17475554
BR,144.37,145.62,141.61,143.31,448020
BRK.B,328.65,333.48,327.6498,329.98,5968947
BRO,63.33,64.16,62.74,63.56,1117608
BSX,42.19,42.39,41.64,41.9,8307525
BTU,21.3792,21.3792,18.9,19.86,14843256
BWA,36.26,37.12,35.96,36.31,1627204
BXP,124.67,125.68,122.24,122.8,876793
C,54.7,55.2736,53.83,54.23,25046008
CAG,30.83,32.05,30.505,31.57,9878661
CAH,53.15,53.29,51.99,52.61,2295067
CARR,43.55,44.1,42.835,42.91,6058784
CAT,216.3,218.4825,212.93,215.44,3530852
CB,205.0,207.71,203.41,204.96,1317311
CBOE,114.94,116.36,113.08,113.72,713011
CBRE,88.59,89.8,86.54,87.4,1852366
CCI,172.75,173.88,170.71,172.77,1435049
CCK,122.0,125.71,121.555,124.29,1021443
CCL,17.3,17.88,16.84,17.12,31014758
CDAY,61.59,62.821000000000005,58.82,59.42,1963430
CDNS,144.31,145.78,138.49,139.16,2264817
CDW,170.88,171.91,165.195,166.6,800150
CE,139.27,142.76,137.82,139.81,1272126
CEG,51.86,51.86,48.59,50.95,2916589
CF,96.05,96.37,91.5,94.93,3781259
CFG,48.11,49.455,47.71,48.77,6143336
CHD,95.93,96.82,95.31,96.63,1086112
CHK,79.02,79.05,74.78,76.26,1661984
CHRW,101.5,102.26,97.43,98.83,1531311
CHTR,561.82,583.72,560.66,566.14,1420645
CI,229.57,229.57,224.22,226.2,1984020
CIEN,54.92,55.505,53.29,53.7,3037599
CINF,124.87,130.225,124.31,128.04,1372616
CL,74.31,75.27,73.785,73.96,4080768
CLF,25.66,25.95,24.855,25.11,23258383
CLX,130.57,131.085,127.02,127.62,1777700
CMA,88.59,92.23899999999999,88.59,90.8,1567009
CMCSA,45.36,45.76,44.8434,44.97,17564208
CME,227.69,232.3,225.96,229.57,1538714
CMG,1461.5,1505.16,1461.075,1471.97,357512
CMI,197.4,201.19,196.23,197.77,1114332
CMS,66.29,66.76,65.63,66.17,2179772
CNC,84.6,84.7113,83.45,84.33,3026813
CNP,28.65,28.88,28.26,28.41,3480842
CNX,18.04,18.145,17.34,17.52,3711479
COF,132.95,136.38,132.4,133.67,3001376
COO,384.36,385.06,376.87,381.81,274911
COP,96.38,96.55,93.2138,95.55,10532224
COST,527.77,535.31,523.54,525.95,1950008
COTY,8.27,8.3,7.82,7.98,9384645
CPB,41.9,43.1,41.74,42.81,2087210
CPRI,49.34,50.24,48.37,49.29,2158695
CPRT,116.48,117.82,115.65,116.1,1197875
CPT,167.05,167.88,163.2,164.59,797684
CPWR,0.0071,0.0071,0.0071,0.0071,1200
CRL,261.2,268.045,255.34,255.51,457301
CRM,198.24,200.16,191.82,193.12,5665470
CSCO,54.73,55.4,53.995,54.3,17977522
CSX,34.79,35.02,34.02,34.23,14321457
CTAS,378.97,378.97,371.29,375.01,361669
CTLT,97.01,100.0,95.38,95.65,876694
CTRA,24.89,25.04,22.705,23.13,22926605
CTSH,88.27,89.2,87.21,87.43,4156844
CTVA,53.94,54.8,53.21,54.21,4971068
CTXS,101.08,101.18,100.13,100.51,2849825
CVS,103.93,104.59,101.09,104.49,5750436
CVX,166.21,168.35,164.3009,166.72,25156193
CZR,74.69,77.1,70.555,71.97,2976874
D,82.66,83.23,80.72,81.32,3121156
DAL,32.0,33.2,31.65,32.07,17253809
DD,73.16,73.46,71.44,71.74,3013745
DE,393.0,399.55,386.4487,393.86,2466492
DELL,51.86,52.56,50.38,50.74,3406394
DFS,107.2,111.02,105.99,108.76,2592347
DG,206.72,210.76,205.35,208.69,1454422
DGX,137.31,138.74,136.89,138.11,1260073
DHI,80.75,81.17,76.32,77.38,3975108
DHR,264.05,273.25,262.97,266.85,2884507
DIS,130.98,133.07,128.38,129.03,9971526
DISH,30.22,30.6,29.27,29.45,1681470
DLR,135.0,135.23,131.71,132.59,2045577
DLTR,147.08,151.4499,146.7,151.08,2601283
DNB,15.7,16.22,15.55,16.15,2625820
DOV,152.4,154.23,150.99,151.42,499638
DOW,61.37,62.03,59.77,60.28,5836192
DPZ,385.96,393.37,381.24,386.18,279464
DRE,53.93,54.52,53.67,54.3,1342617
DRI,129.13,129.5,122.88,124.19,2147827
DTE,127.79,128.67,125.875,126.52,916220
DUK,107.05,107.7,105.74,106.3,2562940
DV,21.55,22.42,19.95,20.56,1494797
DVA,110.97,111.48,108.235,108.7,886052
DVN,56.505,56.93,52.1,52.69,21911617
DXC,30.87,31.22,30.465,30.5,1957462
DXCM,97.1,104.25,97.0925,101.8225,4262624
DYN,8.84,9.36,8.52,8.75,194676
EA,122.18,122.43,118.24,119.13,1968240
EBAY,50.2,53.25,50.01,52.09,9205630
ECL,163.06,166.19,161.23,165.03,1713853
ED,90.04,90.38,88.8,89.52,1443355
EFX,225.72,229.07,223.26,228.43,1420695
EIX,65.53,65.807,64.34,64.62,1301519
EL,266.07,266.26,248.42,250.38,2877609
ELV,470.38,473.3899,454.07,458.33,1427812
EMN,105.84,107.21,104.37,106.08,1504801
EMR,93.56,94.13,91.28,92.32,3628993
ENDP,2.28,2.36,2.12,2.16,4566160
ENPH,169.0035,171.88,155.01,157.64,3058631
EOG,116.31,116.91,110.04,114.04,6270533
EP,15.93,15.93,13.19,14.1,31637
EPAM,198.48,221.2832,198.48,220.0,2144167
EQIX,698.74,702.24,676.39,683.6,355126
EQR,87.0,87.71,85.84,86.38,1286260
EQT,26.5,26.65,25.175,25.42,9403951
ES,84.42,85.035,82.78,83.22,2429197
ESS,337.95,341.985,332.86,334.0,371060
ETN,147.9,150.82,147.16,148.46,1581583
ETR,109.95,110.695,109.01,110.27,811197
ETSY,120.85,127.18,117.38,118.32,3914228
EVRG,64.66,65.19,64.21,64.52,1225803
EW,104.21,105.15,100.97,102.25,2391279
EXC,43.7,44.12,43.515,43.58,6793504
EXPD,100.11,100.495,97.49,98.18,1037260
EXPE,180.5,184.53,178.27,179.11,3676045
EXR,196.0,196.51,190.81,191.35,841822
F,16.085,16.23,15.51,15.74,66341703
FANG,127.87,128.67,122.65,126.19,2914952
FAST,54.68,55.08,54.1,54.49,3501582
FBHS,84.67,84.8695,82.16,82.53,1024196
FCX,46.16,46.22,44.135,44.52,21012009
FDS,412.65,414.16,405.1,408.27,193004
FDX,212.51,214.92,208.81,211.13,2180731
FE,44.46,44.8,43.95,44.25,3816096
FFIV,195.97,196.515,188.575,189.19,446150
FHN,23.16,23.325,23.1,23.3,12877435
FIS,90.16,91.63,88.88,89.06,2770289
FISV,94.14,96.25,93.43,93.99,2573003
FITB,44.96,46.58,44.75,45.85,6822070
FL,29.86,30.68,29.54,29.94,2123554
FLR,28.45,28.6,27.71,28.31,1976057
FLS,33.88,34.025,33.08,33.42,2421671
FLT,232.33,232.77,225.07,226.47,285438
FMC,124.82,126.71,122.96,126.01,1640638
FOSL,8.55,8.635,7.83,8.07,2727324
FOX,36.67,37.28,35.57,35.72,1297341
FOXA,39.44,40.32,38.58,38.75,5955115
FRC,163.0,163.42,156.52,157.61,1538403
FRT,119.0,119.89,115.86,116.34,464311
FSLR,74.62,75.12,71.35,71.99,1650243
FTI,7.46,7.465,7.1801,7.4,9339779
FTNT,55.266000000000005,56.422,53.055,55.088,9982945
FTV,57.95,58.56,56.8384,56.96,4396411
GD,234.35,235.6,230.465,233.83,1379575
GE,92.44,93.99,91.94,92.45,6043621
GHC,587.25,595.6794,577.5,584.16,16374
GILD,57.91,58.76,57.7039,58.15,12539112
GIS,62.68,63.38,62.16,62.57,3156162
GL,98.75,99.21,96.75,97.14,350916
GLW,36.95,37.14,35.78,36.21,5109860
GM,41.74,42.43,40.37,40.83,18913965
GME,93.43,94.32,77.58,78.11,4533614
GNRC,279.3,286.2542,271.06,275.94,597244
GNW,3.8,3.8,3.68,3.74,3626278
GOOG,2611.46,2620.52,2528.26,2534.82,1512693
GOOGL,2605.0,2608.18,2505.5,2519.02,1940563
GPC,123.06,124.9,121.605,122.1,761585
GPN,127.57,129.6646,126.21,127.09,1197158
GPS,14.22,14.5,13.825,13.93,7388543
GRMN,108.87,109.73,108.21,109.36,1806846
GS,329.21,331.62,322.9,324.98,2342374
GT,13.11,13.625,12.6,12.8,7132714
GWW,473.27,487.48,469.95,483.4,319854
HAL,36.25,36.67,35.07,36.36,12967733
HAS,87.06,88.935,86.31,86.84,1614033
HBAN,14.98,15.3,14.87,15.04,12256727
HBI,15.63,15.79,15.05,15.16,3409880
HCA,269.36,270.89,259.1,261.43,2315594
HD,322.91,324.0,316.21,318.36,3604268
HES,93.55,95.09,91.03,94.21,2939857
HIG,67.42,68.7,66.56,67.5,3115440
HII,206.89,207.19,201.03,201.94,435104
HLT,143.19,143.905,140.2453,141.56,1586711
HOG,38.92,39.92,37.52,37.92,2140398
HOLX,69.675,71.4,69.32,69.59,1630803
HON,183.47,185.21,182.72,183.2,3002074
HP,41.4,41.545,39.14,40.85,1917673
HPE,16.63,16.8,16.165,16.32,10739126
HPQ,35.97,36.56,33.75,34.1,19428117
HRB,24.42,25.875,24.41,25.47,3339583
HRL,50.69,50.735,49.68,50.04,1465895
HSIC,84.63,85.75,84.3,84.8,1007972
HST,18.21,18.42,17.85,17.9,9754047
HSY,205.83,207.65,204.43,206.71,947253
HUM,430.26,434.73,425.82,431.94,1021311
HWM,33.81,33.99,33.09,33.42,2330819
IBM,124.45,125.16,122.685,123.94,3289440
ICE,126.58,128.43,125.58,126.22,2560666
IDXX,498.02,509.13,484.57,486.33,368021
IEX,192.27,193.09,188.13,189.09,313073
IFF,119.47,120.39,116.2,116.51,1844678
IGT,22.88,23.07,21.0,21.07,2029596
ILMN,304.95,313.29,303.15,306.11,945697
INCY,73.72,74.35,71.86,72.19,1208901
INTC,45.9,45.98,44.3,44.4,35993898
INTU,439.92,445.28,423.03,424.63,2353906
IP,42.91,43.09,42.38,42.54,3529952
IPG,33.34,34.545,33.3,34.17,7576987
IPGP,105.85,112.45,105.51,106.36,897100
IQV,215.05,218.8,209.935,211.09,994418
IR,48.27,48.27,47.4,47.66,2372481
IRM,49.36,49.52,47.2306,48.03,3168159
ISRG,272.34,277.81,262.53,263.8,2722220
IT,280.0,282.91,272.43,273.96,500738
ITT,76.75,77.375,75.36,75.84,854611
ITW,205.56,208.05,205.01,206.15,1080175
IVZ,20.53,20.7373,20.16,20.31,4911391
J,126.25,128.73,125.71,126.84,817551
JBHT,199.0,200.97,193.37,195.35,773060
JBL,55.58,56.05,53.97,54.17,1008834
JCI,61.03,61.6,60.11,60.57,4693029
JEF,31.45,32.65,31.28,31.95,3141959
JKHY,183.05,184.575,178.58,179.79,466693
JNJ,170.68,174.12,170.35,171.69,7729453
JNPR,33.4,33.74,32.945,33.29,4395960
JPM,129.46,132.92,129.23,130.17,15786898
JWN,23.01,24.26,22.84,24.23,6111405
K,60.1,60.72,59.54,60.25,2687362
KBH,37.86,37.87,34.595,35.47,2379863
KDP,36.845,37.19,36.835,37.04,7036630
KEY,23.4,24.305,23.38,23.81,11074568
KEYS,145.94,148.99,143.68,143.98,1168008
KHC,37.55,37.96,37.32,37.69,6295363
KIM,24.05,24.18,23.15,23.25,3341448
KLAC,324.23,331.14,318.01,320.0,1558723
KMB,117.79,121.23,117.32,119.12,2296027
KMI,17.9,17.985,17.37,17.54,17419636
KMX,99.09,101.7,98.2,98.55,1248896
KO,57.97,59.035,57.97,58.54,17799380
KR,55.59,55.89,54.28,55.42,5524155
KSS,53.82,55.1,53.28,53.95,2041766
L,61.9,62.3,61.2,61.67,715906
LDOS,102.14,103.35,101.31,102.45,1001822
LEG,36.17,36.32,35.48,35.81,1169389
LEN,86.84,86.84,82.52,83.34,2689513
LH,266.95,269.34,264.08,265.66,762619
LHX,251.76,253.44,246.34,250.11,1903977
LIFE,5.23,5.3464,4.51,4.75,200688
LIN,288.66,292.6404,284.6,285.36,2541154
LKQ,44.53,46.17,44.38,45.16,2063459
LLL,1.8,1.88,1.775,1.8,9914
LLY,268.99,270.9,267.32,269.0,2713824
LMT,449.44,449.78,439.21,444.45,2475664
LNC,61.79,62.98,61.2,61.93,1263514
LNT,60.45,61.0,59.87,60.33,922024
LOW,223.98,227.71,221.08,226.51,3607706
LRCX,488.29,490.58,466.06,469.0,1587102
LSI,131.68,132.21,129.65,130.32,320969
LUMN,10.81,10.85,10.54,10.71,9641428
LUV,40.59,41.11,39.205,40.1,7575990
LVS,35.16,35.34,31.75,32.09,17873060
LW,50.57,51.02,49.71,49.96,1556448
LYB,104.76,105.84,102.911,103.87,3542294
LYV,108.48,109.9,106.45,108.04,2136707
M,23.45,24.2,23.31,23.79,10990858
MA,329.1,336.88,327.26,328.59,4122885
MAA,210.81,210.81,204.19,205.42,463086
MAC,14.5,14.7,13.93,14.15,2617976
MAR,162.27,164.13,160.11,161.76,1917647
MAS,54.56,54.97,53.86,54.11,1936860
MAT,22.74,22.85,22.225,22.32,2315905
MCD,226.78,228.44,223.16,226.18,4436285
MCHP,68.74,69.69,67.18,68.13,5887288
MCK,282.81,285.0,279.31,284.85,1265434
MCO,306.09,308.38,299.685,301.31,871927
MDLZ,59.48,60.43,59.21,59.34,9806739
MDT,104.47,105.07,102.84,103.22,4175599
MET,65.31,65.76,64.23,64.69,5042414
META,187.03,192.29,185.82,186.63,31010462
MGM,40.1,40.59,38.31,38.8,4506926
MHK,132.56,133.495,129.86,131.04,607461
MKC,97.0,98.27,95.71,98.2,1054465
MKTX,346.27,350.64,341.01,343.84,203387
MLM,376.74,380.22,370.25,375.59,358204
MMC,150.85,152.49,149.03,150.04,1974212
MMI,45.92,47.09,45.39,46.03,224333
MMM,141.45,145.29,141.45,143.48,3910123
MNST,73.76,74.78,73.13,73.23,1965854
MO,50.65,51.12,49.79,50.54,11266364
MOH,316.51,317.01,306.54,308.7,397598
MOS,60.68,61.38,56.55,58.1,11773914
MPC,77.69,78.7,75.51,76.66,7896708
MPWR,398.18,405.66,383.26,385.01,546048
MRK,77.9,78.6077,77.31,77.78,10085371
MRNA,140.2,166.75,139.73,150.07,22841078
MRO,22.67,22.73,21.74,22.18,25507964
MS,85.85,86.71,84.47,84.72,8280724
MSCI,460.0,461.92,452.56199999999995,457.33,566986
MSFT,280.34,285.3992,275.82,276.44,30660747
MSI,221.79,224.38,217.43,218.75,843122
MTB,174.93,177.98,173.06,175.2,976649
MTCH,87.83,90.21,84.51,85.06,3173801
MTD,1324.54,1341.16,1282.43,1289.32,178268
MU,71.75,72.48,68.96,69.4,24893444
MUR,36.27,37.13,35.25,37.12,2900572
NAVI,16.89,17.28,16.365,16.47,2252862
NBR,150.52,152.92,140.71,142.59,223620
NCLH,17.49,17.9,16.79,17.06,22424953
NCR,37.91,38.025,36.43,36.87,653381
NDAQ,166.09,167.77,165.22,166.58,1062952
NDSN,216.8,218.65,213.61,214.56,192662
NE,31.6,31.99,29.88,30.06,605985
NEE,79.68,80.6406,78.7,79.28,7133771
NEM,74.66,74.86,72.3716,73.74,10317547
NFLX,338.72,341.32,329.82,331.01,5907817
NI,30.09,30.15,29.415,29.61,3270059
NKE,121.525,122.445,116.75,117.57,13884874
NKTR,5.0,5.25,3.985,4.16,26150614
NLOK,27.83,29.45,27.77,29.07,7465757
NLSN,17.67,25.78,17.055,22.85,39616254
NOC,439.3,442.65,431.225,441.42,913846
NOV,20.69,20.7412,19.44,19.79,5436342
NOW,514.96,526.32,492.05,495.1,1637639
NRG,39.09,39.44,38.27,38.69,2922451
NSC,269.56,270.06,263.93,266.09,944480
NTAP,83.72,84.5,79.74,80.39,3206472
NTRS,107.15,111.39,107.12,109.88,1576985
NUE,135.53,136.37,129.3,132.05,3184394
NVDA,218.69,222.62,211.5901,213.3,38535424
NVR,4747.99,4770.0,4554.45,4622.0,30888
NWL,21.75,21.87,21.13,21.38,2802527
NWS,21.54,21.72,21.32,21.48,666772
NWSA,21.05,21.28,20.89,21.11,4820327
NXPI,178.38,179.64,170.22,171.71,2515948
NYT,45.04,45.435,43.4,43.6,1754575
O,65.67,66.15,64.595,64.88,3301199
ODFL,306.84,307.46,296.12,298.56,696322
ODP,42.85,44.64,42.67,43.61,340166
OGN,35.34,35.62,31.57,32.36,7855507
OI,11.89,12.13,11.755,11.84,1490551
OKE,65.36,66.45,63.46,64.52,4108806
OMC,76.06,79.71,75.81,79.55,3129522
ON,55.4,56.215,53.28,53.91,6042896
ORCL,77.92,78.6,75.44,77.07,13306302
ORLY,678.07,686.59,670.33,674.82,726397
OTIS,73.33,73.375,71.07,71.98,4014863
OXY,55.75,55.99,53.32,55.59,53706914
PARA,33.02,36.47,32.85,35.77,25229217
PAYC,300.99,310.66,293.53,297.66,324029
PAYX,120.78,121.72,119.13,119.89,1116439
PBI,4.95,5.045,4.83,4.85,1057597
PCAR,86.56,87.85,86.26,87.16,2121258
PCG,10.79,11.205,10.74,11.19,32667396
PDCO,31.07,31.07,30.7,30.81,365295
PEAK,32.64,32.79,32.21,32.3,3998546
PEG,66.04,67.1,66.04,66.53,2882993
PENN,42.5,43.56,39.785,40.3,4384478
PEP,155.15,157.8,154.5,155.89,6075566
PFE,50.72,52.91,50.39,52.25,42314540
PFG,66.15,67.305,66.0,66.21,2011345
PG,144.45,146.04,143.355,145.05,7964794
PGR,106.87,107.87,105.415,105.71,2019659
PH,274.62,277.83,271.02,273.97,868556
PHM,46.4,46.4,43.69,44.26,3272623
PKG,150.49,152.1,149.57,150.93,746710
PKI,167.55,170.34,161.8,162.31,957944
PLD,148.4,150.3,147.6,149.17,2391370
PLL,68.98,70.0,61.59,63.08,730818
PM,89.89,90.58,88.37,89.59,16030340
PNC,183.79,186.52,182.19,183.36,2421360
PNR,54.24,54.79,53.68,54.0,1390532
PNW,74.53,74.72,72.575,73.27,930151
POOL,444.04,447.85,436.59,441.08,230969
PPG,121.97,124.97,121.29,121.95,1789522
PPL,26.27,26.57,25.98,26.15,6518690
PRGO,37.83,38.25,37.0,37.54,1550781
PRU,108.59,111.16,107.81,109.26,2991458
PSA,368.37,369.24,358.71,360.07,673148
PSX,80.035,80.97,77.25,78.27,5807218
PTC,104.14,105.2125,100.602,101.51,374049
PVH,72.96,74.88,72.02,72.48,1252499
PWR,123.18,124.66,121.28,122.6,1837104
PXD,231.33,233.06,221.7,229.34,2679022
PYPL,96.045,100.64,94.63,96.87,20988852
QCOM,150.8,151.29,140.465,141.29,16154168
QRVO,123.47,123.7,117.03,118.61,1747645
R,79.5,79.58,76.73,77.48,668397
RAD,9.11,9.12,8.52,8.58,2489505
RCL,68.12,70.45,66.5,68.12,3950140
RE,276.85,277.65,271.27,272.01,331115
REG,67.1,67.32,64.96,65.21,1248339
REGN,644.6,665.98,644.6,656.41,1018935
RF,22.46,23.33,22.34,22.72,10280253
RHI,110.2,111.99,109.47,110.66,803134
RIG,4.52,4.53,4.1,4.14,29358827
RJF,98.22,100.4,97.67,98.45,1091287
RL,108.56,110.33,106.5614,107.59,1193717
RMD,239.26,243.83,235.69,236.58,345636
ROK,260.0,261.82,252.85,256.35,741017
ROL,32.46,33.47,32.22,33.36,1767339
ROP,431.27,440.34,430.61,435.1,369174
ROST,88.29,88.73,85.58,85.76,2063144
RRC,26.74,26.9,25.03,25.56,5358505
RSG,127.33,128.49,126.155,128.47,1648649
RTX,97.17,97.66,95.41,97.04,5581735
S,32.95,33.73,29.3,29.55,9201471
SAI,9.85,9.85,9.85,9.85,3699
SBAC,321.07,325.83,316.34,320.7,635018
SBNY,299.03,302.76,287.79,289.78,1116201
SBUX,82.315,82.3395,78.92,79.29,18199279
SCHW,82.3,84.815,81.83,83.26,9527055
SE,88.96,94.11,86.79,87.78,8433387
SEDG,309.26,316.72,291.075,298.51,783838
SEE,65.65,67.27,64.91,66.11,672637
SHW,234.86,239.67,233.41,237.63,1340672
SIG,69.0,74.31,67.26,71.65,2516368
SII,46.23,47.48,44.28,44.9,287069
SIVB,540.85,542.71,510.265,512.12,504821
SJM,129.22,130.91,128.01,128.93,877016
SLB,42.065,42.07,40.84,41.55,14389361
SLG,79.79,80.035,77.7,78.64,933802
SLM,17.49,17.72,17.2,17.4,2849253
SNA,205.0,206.515,202.18,204.72,724435
SNPS,292.07,296.03,277.16,278.98,1192012
SO,68.94,69.45,68.275,68.66,4530221
SPG,131.13,132.545,126.76,128.19,2455789
SPGI,383.53,386.34,373.18,377.0,2558070
SPY,420.89,424.55,415.79,417.0,95729188
SRCL,55.63,56.42,54.8032,55.79,301754
SRE,155.93,155.95,151.95,153.97,2362729
STE,221.47,224.1,216.95,217.49,679847
STT,83.69,85.16,82.88,83.35,1506115
STX,87.24,87.83,84.51,86.35,2426258
STZ,215.22,220.52,214.21,219.69,918945
SUN,41.0,41.06,39.47,40.13,438280
SWK,147.86,150.332,144.68,144.99,1922797
SWKS,127.27,127.8,118.99,120.56,3497900
SWN,5.38,5.46,4.99,5.19,28913340
SYF,35.71,36.595,35.31,35.48,7635852
SYK,250.23,251.7174,243.3,245.85,1582867
SYY,78.4,78.7456,75.96,76.76,1737480
T,17.53776435045317,17.55287009063444,17.22809667673716,17.28851963746224,65683369
TAP,51.5,51.54,50.28,50.81,1330386
TDC,43.82,44.285,42.83,43.31,1002421
TDG,625.33,632.43,613.87,618.43,510129
TDY,421.9,427.65,415.88,418.68,169193
TECH,403.74,412.52,390.5,392.21,147852
TEL,128.62,128.85,126.08,126.42,2358438
TER,107.68,111.94,104.32,105.57,2014330
TFC,58.05,58.955,57.5,57.89,5249882
TFX,336.46,340.175,332.339,334.61,240443
TGNA,22.31,22.47,22.275,22.35,5126527
TGT,208.21,210.91,204.95,208.76,3168457
THC,89.25,89.82,85.36,86.27,1337760
TJX,61.54,62.09,60.95,61.25,4889342
TMO,535.68,551.3899,530.67,535.88,1102369
TMUS,124.37,126.44,123.97,124.07,5149525
TPR,34.43,34.73,33.38,33.74,5387967
TRIP,23.43,24.21,23.38,23.73,2019678
TRMB,65.82,65.975,63.7,64.23,1306936
TROW,136.63,138.91,135.55100000000002,136.94,1666043
TRV,175.58,178.61,175.28,177.18,1945565
TSCO,227.28,231.15,223.8,224.34,940957
TSLA,780.61,800.7,756.04,766.37,23717421
TSN,86.75,87.15,84.18,85.5,5338935
TT,149.71,152.04,148.31,151.18,2352038
TTWO,153.0,153.12,141.6,141.82,4480115
TWTR,32.69,33.95,32.48,33.03,17551479
TXN,169.96,171.65,166.09,166.72,4863167
TXT,70.35,70.57,69.35,69.89,899171
TYL,398.64,406.64,389.46,391.52,218925
UA,14.04,14.39,13.905,14.12,4345479
UAA,15.38,15.85,15.38,15.73,9211853
UAL,34.87,36.43,34.25,35.02,16023155
UDR,56.92,57.13,55.62,56.02,1654896
UHS,151.99,152.58,145.82,146.17,421361
ULTA,369.62,371.58,355.28,357.52,941682
UNH,490.4,495.59,485.275,487.92,2704148
UNM,27.72,28.18,27.39,27.55,2654584
UNP,263.36,263.87,255.65,257.66,3839221
UPS,205.59,208.91,203.25,204.3,2237446
URBN,26.26,26.87,25.75,26.0,1787811
URI,324.22,331.045,318.345,320.26,801405
USB,53.35,54.65,53.19,53.95,9175188
V,198.42,204.43,198.16,200.33,7994657
VFC,53.99,55.08,53.57,53.91,4380516
VICI,27.24,27.43,26.545,26.77,6116393
VLO,90.92,92.2,88.87,90.55,4746960
VMC,177.8,180.24,175.98,177.92,691537
VNO,46.65,46.93,45.34,45.74,1596612
VNT,23.0,23.37,22.58,22.72,1538310
VRSK,182.72,186.7,181.9,185.95,1153323
VRSN,204.23,206.27,198.53,199.43,615411
VRTX,239.72,242.45,238.6591,241.68,1414953
VTR,58.88,59.27,57.75,57.81,1905840
VTRS,10.16,10.27,9.66,9.81,12181024
VZ,53.43,53.67,52.4401,52.5,23124135
WAB,89.97,90.225,88.49,89.06,1173590
WAT,316.01,321.1,310.11,311.0,402995
WB,19.4,21.23,18.62,20.06,1550790
WBA,47.84,48.455,47.12,47.91,5277602
WBD,24.0,24.955,23.7,23.88,10106407
WDC,45.3,45.4,43.85,44.47,3271143
WEC,94.39,95.01,93.465,93.78,1582304
WELL,91.79,92.84,90.93,90.97,2450942
WFC,49.66,50.3771,49.295,49.86,28166599
WHR,188.02,188.95,183.25,186.18,1171664
WM,152.22,154.65,151.13,154.45,1839049
WMB,31.58,31.87,30.73,31.07,10454971
WMT,142.02,144.85,141.99,144.05,7548765
WRB,63.68,64.3066666666667,62.14,62.453333333333305,1420746
WRK,44.0,45.87,44.0,45.71,3582630
WST,365.35,375.87,363.94,370.02,410289
WTW,223.21,224.08,219.59,220.1,890551
WU,17.36,17.615,17.18,17.42,4733485
WY,39.71,40.19,38.47,38.77,4369947
WYNN,70.2,70.43,66.36,66.88,6019046
X,32.91,33.33,31.64,32.21,23044059
XEL,70.24,70.86,69.255,69.51,2392587
XL,2.23,2.23,1.95,1.96,2001540
XOM,83.06,83.45,80.5,81.88,37462621
XRAY,48.87,48.94,47.4,47.69,2510935
XRX,18.83,18.86,18.245,18.63,2348723
XYL,85.03,86.37,83.6,83.99,1173569
YUM,115.28,116.19,111.63,113.42,3414186
ZBH,119.82,120.68,117.05,117.69,1384809
ZBRA,390.66,392.47,375.6324,380.09,330380
ZION,65.54,66.8,64.55,65.0,1525179
ZTS,186.42,187.26,183.885,184.66,2044848
